,BGP,BGR,BGW,BPG,BPR,BPW,BRG,BRP,BRW,BWG,BWP,BWR,GBP,GBPRW,GBPWR,GBR,GBRPW,GBRWP,GBW,GBWPR,GBWRP,GPB,GPBRW,GPBWR,GPR,GPRBW,GPRWB,GPW,GPWBR,GPWRB,GRB,GRBPW,GRBWP,GRP,GRPBW,GRPWB,GRW,GRWBP,GRWPB,GWB,GWBPR,GWBRP,GWP,GWPBR,GWPRB,GWR,GWRBP,GWRPB,PBG,PBR,PBW,PGB,PGR,PGW,PRB,PRG,PRW,PWB,PWG,PWR,RBG,RBP,RBW,RGB,RGP,RGW,RPB,RPG,RPW,RWB,RWG,RWP,WBG,WBP,WBR,WGB,WGP,WGR,WPB,WPG,WPR,WRB,WRG,WRP
BGP,,['WBGR'],['RBGW'],"['RWBPG', 'WRBPG']",['RWBPR'],['WRBPW'],['WBRG'],['WBRP'],['RWGBRW'],['RBWG'],['RBWP'],['WRGBWR'],"['RWGBP', 'WRGBP']",['RW'],['WR'],['RWGBR'],"['RWGB', 'WBRP']","['RBWPG', 'RWGBR']",['WRGBW'],"['RBWP', 'WRGB']","['WBRPG', 'WRGBW']","['RWGPB', 'WRGPB']",['RWG'],['WRG'],['R'],['R'],[''],['W'],['W'],[''],['RBWGRB'],['WRBP'],['RBW'],['WBGRP'],['RBWG'],['WB'],['WBGRW'],['RWB'],['WBGR'],['WBRGWB'],['RWBP'],['WBR'],['RBGWP'],['WBRG'],['RB'],['RBGWR'],['WRB'],['RBGW'],"['RBGWPBG', 'WBGRPBG']","['RWGPBR', 'WRGPBR']","['RWGPBW', 'WRGPBW']","['RBWPGB', 'WBRPGB']","['RBWPGR', 'RWBPGR', 'WRBPGR']","['RWBPGW', 'WBRPGW', 'WRBPGW']",['RB'],"['RBWPRG', 'RWBPRG']",['RW'],['WB'],"['WBRPWG', 'WRBPWG']",['WR'],['RBG'],['WRBP'],['RBW'],['WRGB'],['WRGP'],['WBRGW'],['WBGRPB'],['WBRPG'],['WBRPW'],['RWB'],['RWG'],['WBGRWP'],['WBG'],['RWBP'],['WBR'],['RWGB'],['RWGP'],['RBWGR'],['RBGWPB'],['RBWPG'],['RBWPR'],['WRB'],['WRG'],['RBGWRP']
BGR,['WBGP'],,['PBGW'],['WBPG'],['WBPR'],['PWGBPW'],"['PWBRG', 'WPBRG']",['PWBRP'],['WPBRW'],['PBWG'],['WPGBWP'],['PBWR'],['PWGBP'],"['PWGB', 'WBPR']","['PBWRG', 'PWGBP']","['PWGBR', 'WPGBR']",['PW'],['WP'],['WPGBW'],"['WBPRG', 'WPGBW']","['PBWR', 'WPGB']",['PBWGPB'],['WPBR'],['PBW'],['WBGPR'],['PBWG'],['WB'],['WBGPW'],['PWB'],['WBGP'],"['PWGRB', 'WPGRB']",['PWG'],['WPG'],['P'],['P'],[''],['W'],['W'],[''],['WBPGWB'],['WBP'],['PWBR'],['PBGWP'],['WPB'],['PBGW'],['PBGWR'],['WBPG'],['PB'],['PBG'],['WPBR'],['PBW'],['WPGB'],['WPGR'],['WBPGW'],['WBGPRB'],['WBPRG'],['WBPRW'],['PWB'],['PWG'],['WBGPWR'],"['PBGWRBG', 'WBGPRBG']","['PWGRBP', 'WPGRBP']","['PWGRBW', 'WPGRBW']","['PBWRGB', 'WBPRGB']","['PBWRGP', 'PWBRGP', 'WPBRGP']","['PWBRGW', 'WBPRGW', 'WPBRGW']",['PB'],"['PBWRPG', 'PWBRPG']",['PW'],['WB'],"['WBPRWG', 'WPBRWG']",['WP'],['WBG'],['WBP'],['PWBR'],['PWGB'],['PBWGP'],['PWGR'],['WPB'],['WPG'],['PBGWPR'],['PBGWRB'],['PBWRG'],['PBWRP']
BGW,['RBGP'],['PBGR'],,['RBPG'],['PRGBPR'],['RBPW'],['PBRG'],['RPGBRP'],['PBRW'],"['PRBWG', 'RPBWG']",['PRBWP'],['RPBWR'],['PRGBP'],"['PBRWG', 'PRGBP']","['PRGB', 'RBPW']",['RPGBR'],"['RBPWG', 'RPGBR']","['PBRW', 'RPGB']","['PRGBW', 'RPGBW']",['PR'],['RP'],['PBRGPB'],['PBR'],['RPBW'],['RBGPR'],['PRB'],['RBGP'],['RBGPW'],['PBRG'],['RB'],['RBPGRB'],['RBP'],['PRBW'],['PBGRP'],['RPB'],['PBGR'],['PBGRW'],['RBPG'],['PB'],"['PRGWB', 'RPGWB']",['PRG'],['RPG'],['P'],['P'],[''],['R'],['R'],[''],['PBG'],['PBR'],['RPBW'],['RPGB'],['RBPGR'],['RPGW'],['PRB'],['PRG'],['RBGPRW'],['RBGPWB'],['RBPWG'],['RBPWR'],['RBG'],['RBP'],['PRBW'],['PRGB'],['PBRGP'],['PRGW'],['RPB'],['RPG'],['PBGRPW'],['PBGRWB'],['PBRWG'],['PBRWP'],"['PBGRWBG', 'RBGPWBG']","['PRGWBP', 'RPGWBP']","['PRGWBR', 'RPGWBR']","['PBRWGB', 'RBPWGB']","['PBRWGP', 'PRBWGP', 'RPBWGP']","['PRBWGR', 'RBPWGR', 'RPBWGR']",['PB'],"['PBRWPG', 'PRBWPG']",['PR'],['RB'],"['RBPWRG', 'RPBWRG']",['RP']
BPG,"['RWBGP', 'WRBGP']",['RWBGR'],['WRBGW'],,['WBPR'],['RBPW'],['WBRG'],['WBRP'],['RWPBRW'],['RBWG'],['RBWP'],['WRPBWR'],"['RBPWGBP', 'WBPRGBP']",['WBPR'],['RBPW'],"['RWPGBR', 'WRPGBR']",['WBRP'],['RWP'],"['RWPGBW', 'WRPGBW']",['RBWP'],['WRP'],"['RBWGPB', 'WBRGPB']","['RBWGP', 'RWPBR']","['WBRGP', 'WRPBW']","['RBWGPR', 'RWBGPR', 'WRBGPR']",['RBW'],['RWB'],"['RWBGPW', 'WBRGPW', 'WRBGPW']",['WBR'],['WRB'],['RB'],['RB'],['R'],"['RBWGRP', 'RWBGRP']","['RBWG', 'WRPB']",['RWBG'],['RW'],[''],['RW'],['WB'],['WB'],['W'],"['WBRGWP', 'WRBGWP']","['RWPB', 'WBRG']",['WRBG'],['WR'],[''],['WR'],"['RWPBG', 'WRPBG']",['RWPBR'],['WRPBW'],"['RWPGB', 'WRPGB']",['R'],['W'],['RBWPRB'],['WBPRG'],['WBPRW'],['WBRPWB'],['RBPWG'],['RBPWR'],['WRBG'],['RBP'],['RBW'],['WBPRGB'],['WBRGP'],['WBRGW'],['WRPB'],['WRPG'],['WBRPW'],['RWB'],['WBPRWG'],['RWP'],['RWBG'],['WBP'],['WBR'],['RBPWGB'],['RBWGP'],['RBWGR'],['RWPB'],['RWPG'],['RBWPR'],['WRB'],['RBPWRG'],['WRP']
BPR,['WBGP'],['WBGR'],['GWPBGW'],['WBPG'],,['GBPW'],['GWBRG'],"['GWBRP', 'WGBRP']",['WGBRW'],['WGPBWG'],['GBWP'],['GBWR'],['GBP'],[''],['GB'],['WGBR'],['WGB'],['WGBR'],['GBW'],['G'],['GBW'],['WGPB'],['WG'],"['GBWR', 'WGPB']",['WGPR'],['WGP'],['W'],['WBGPW'],['GWBR'],['WBGP'],['WBPGRB'],['GBPW'],['GBWP'],['WBGRP'],"['WBGRP', 'WGPBW']",['WBG'],['WBGRW'],['WB'],"['GWPB', 'WBGR']",['GWB'],[''],['GWB'],['GWP'],['GW'],['GWP'],['WBPGWR'],['WBPG'],"['GBWRP', 'GWPBG']",['GWPBG'],"['GWPBR', 'WGPBR']",['WGPBW'],['GBWPGB'],['WBPGR'],['WBPGW'],"['GWPRB', 'WGPRB']",['G'],['W'],['WBGPWB'],['GBPWG'],['GBPWR'],"['GWPRBG', 'WGPRBG']","['GBPWRBP', 'WBPGRBP']","['GWPRBW', 'WGPRBW']",['GB'],"['GBWRGP', 'GWBRGP']",['GW'],"['GBWRPB', 'WBGRPB']","['GBWRPG', 'GWBRPG', 'WGBRPG']","['GWBRPW', 'WBGRPW', 'WGBRPW']",['WB'],['WG'],"['WBGRWP', 'WGBRWP']",['WBG'],['WBP'],['GWBR'],['WGB'],['WGP'],['GBPWGR'],['GWPB'],['GBWPG'],['GWPR'],['GBPWRB'],['GBWRG'],['GBWRP']
BPW,['RBGP'],['GRPBGR'],['RBGW'],['RBPG'],['GBPR'],,['RGPBRG'],['GBRP'],['GBRW'],['GRBWG'],"['GRBWP', 'RGBWP']",['RGBWR'],['GBP'],['GB'],[''],['GBR'],['G'],['GBR'],['RGBW'],['RGB'],['RGBW'],['RGPB'],"['GBRW', 'RGPB']",['RG'],['RBGPR'],['GRBW'],['RBGP'],['RGPW'],['RGP'],['R'],['GRB'],[''],['GRB'],['GRP'],['GR'],['GRP'],['RBPGRW'],['RBPG'],"['GBRWP', 'GRPBG']",['RBPGWB'],['GBPR'],['GBRP'],['RBGWP'],"['RBGWP', 'RGPBR']",['RBG'],['RBGWR'],['RB'],"['GRPB', 'RBGW']",['GRPBG'],['RGPBR'],"['GRPBW', 'RGPBW']",['GBRPGB'],['RBPGR'],['RBPGW'],['RBGPRB'],['GBPRG'],['GBPRW'],"['GRPWB', 'RGPWB']",['G'],['R'],['RBG'],['RBP'],['GRBW'],['RGB'],['RGP'],['GBPRGW'],['GRPB'],['GBRPG'],['GRPW'],['GBPRWB'],['GBRWG'],['GBRWP'],"['GRPWBG', 'RGPWBG']","['GBPRWBP', 'RBPGWBP']","['GRPWBR', 'RGPWBR']",['GB'],"['GBRWGP', 'GRBWGP']",['GR'],"['GBRWPB', 'RBGWPB']","['GBRWPG', 'GRBWPG', 'RGBWPG']","['GRBWPR', 'RBGWPR', 'RGBWPR']",['RB'],['RG'],"['RBGWRP', 'RGBWRP']"
BRG,['PWBGP'],"['PWBGR', 'WPBGR']",['WPBGW'],['WBPG'],['WBPR'],['PWRBPW'],,['WBRP'],['PBRW'],['PBWG'],['WPRBWP'],['PBWR'],"['PWRGBP', 'WPRGBP']",['WBPR'],['PWR'],"['PBRWGBR', 'WBRPGBR']",['WBRP'],['PBRW'],"['PWRGBW', 'WPRGBW']",['WPR'],['PBWR'],['PB'],['PB'],['P'],"['PBWGPR', 'PWBGPR']","['PBWG', 'WPRB']",['PWBG'],['PW'],[''],['PW'],"['PBWGRB', 'WBPGRB']","['PBWGR', 'PWRBP']","['WBPGR', 'WPRBW']","['PBWGRP', 'PWBGRP', 'WPBGRP']",['PBW'],['PWB'],"['PWBGRW', 'WBPGRW', 'WPBGRW']",['WBP'],['WPB'],['WB'],['W'],['WB'],['WP'],[''],['WP'],"['WBPGWR', 'WPBGWR']","['PWRB', 'WBPG']",['WPBG'],['WPBG'],['PBR'],['PBW'],['WBRPGB'],['WBPGR'],['WBPGW'],['WPRB'],['WPRG'],['WBPRW'],['PWB'],['WBRPWG'],['PWR'],"['PWRBG', 'WPRBG']",['PWRBP'],['WPRBW'],"['PWRGB', 'WPRGB']",['P'],['W'],['PBWRPB'],['WBRPG'],['WBRPW'],['WBPRWB'],['PBRWG'],['PBRWP'],['PWBG'],['WBP'],['WBR'],['PBRWGB'],['PBWGP'],['PBWGR'],['WPB'],['PBRWPG'],['WPR'],['PWRB'],['PWRG'],['PBWRP']
BRP,['WBGP'],['WBGR'],['GWRBGW'],['GWBPG'],"['GWBPR', 'WGBPR']",['WGBPW'],['WBRG'],,['GBRW'],['WGRBWG'],['GBWP'],['GBWR'],['WGBP'],['WGB'],['WGBP'],['GBR'],[''],['GB'],['GBW'],['GBW'],['G'],['WBRGPB'],['GBRW'],['GBWR'],['WBGPR'],"['WBGPR', 'WGRBW']",['WBG'],['WBGPW'],['WB'],"['GWRB', 'WBGP']",['WGRB'],['WG'],"['GBWP', 'WGRB']",['WGRP'],['WGR'],['W'],['WBGRW'],['GWBP'],['WBGR'],['GWB'],['GWB'],[''],['WBRGWP'],['WBRG'],"['GBWPR', 'GWRBG']",['GWR'],['GW'],['GWR'],"['GWRPBG', 'WGRPBG']","['GBRWPBR', 'WBRGPBR']","['GWRPBW', 'WGRPBW']",['GB'],"['GBWPGR', 'GWBPGR']",['GW'],"['GBWPRB', 'WBGPRB']","['GBWPRG', 'GWBPRG', 'WGBPRG']","['GWBPRW', 'WBGPRW', 'WGBPRW']",['WB'],['WG'],"['WBGPWR', 'WGBPWR']",['GWRBG'],"['GWRBP', 'WGRBP']",['WGRBW'],['GBWRGB'],['WBRGP'],['WBRGW'],"['GWRPB', 'WGRPB']",['G'],['W'],['WBGRWB'],['GBRWG'],['GBRWP'],['WBG'],['GWBP'],['WBR'],['WGB'],['GBRWGP'],['WGR'],['GBRWPB'],['GBWPG'],['GBWPR'],['GWRB'],['GBWRG'],['GWRP']
BRW,['GPRBGP'],['PBGR'],['PBGW'],['PGRBPG'],['GBPR'],['GBPW'],['PBRG'],['GBRP'],,['GPBWG'],['PGBWP'],"['GPBWR', 'PGBWR']",['GBP'],['G'],['GBP'],['GBR'],['GB'],[''],['PGBW'],['PGBW'],['PGB'],['GPB'],[''],['GPB'],['GPR'],['GP'],['GPR'],['PBRGPW'],['PBRG'],"['GBPWR', 'GPRBG']",['PGRB'],"['GBPW', 'PGRB']",['PG'],['PBGRP'],['GPBW'],['PBGR'],['PGRW'],['PGR'],['P'],['PBRGWB'],['GBPR'],['GBRP'],['PBGWP'],['PB'],"['GPRB', 'PBGW']",['PBGWR'],"['PBGWR', 'PGRBP']",['PBG'],['PBG'],['PBR'],['GPBW'],['PGB'],['PGR'],['GBRPGW'],['GPRB'],['GBPRG'],['GPRW'],['GBRPWB'],['GBPWG'],['GBPWR'],['GPRBG'],['PGRBP'],"['GPRBW', 'PGRBW']",['GBPRGB'],['PBRGP'],['PBRGW'],['PBGRPB'],['GBRPG'],['GBRPW'],"['GPRWB', 'PGRWB']",['G'],['P'],"['GPRWBG', 'PGRWBG']","['GPRWBP', 'PGRWBP']","['GBRPWBR', 'PBRGWBR']",['GB'],['GP'],"['GBPWGR', 'GPBWGR']",['PB'],['PG'],"['PBGWPR', 'PGBWPR']","['GBPWRB', 'PBGWRB']","['GBPWRG', 'GPBWRG', 'PGBWRG']","['GPBWRP', 'PBGWRP', 'PGBWRP']"
BWG,['PRBGP'],['RPBGR'],"['PRBGW', 'RPBGW']",['RBPG'],['PRWBPR'],['RBPW'],['PBRG'],['RPWBRP'],['PBRW'],,['RBWP'],['PBWR'],"['PRWGBP', 'RPWGBP']",['PRW'],['RBPW'],"['PRWGBR', 'RPWGBR']",['RPW'],['PBRW'],"['PBWRGBW', 'RBWPGBW']",['RBWP'],['PBWR'],['PB'],['P'],['PB'],['PR'],[''],['PR'],"['PBRGPW', 'PRBGPW']","['PBRG', 'RPWB']",['PRBG'],['RB'],['R'],['RB'],['RP'],[''],['RP'],"['RBPGRW', 'RPBGRW']","['PRWB', 'RBPG']",['RPBG'],"['PBRGWB', 'RBPGWB']","['PBRGW', 'PRWBP']","['RBPGW', 'RPWBR']","['PBRGWP', 'PRBGWP', 'RPBGWP']",['PBR'],['PRB'],"['PRBGWR', 'RBPGWR', 'RPBGWR']",['RBP'],['RPB'],['RPBG'],['PBR'],['PBW'],['RBWPGB'],['RBPGR'],['RBPGW'],['PRB'],['RBWPRG'],['PRW'],['RPWB'],['RPWG'],['RBPWR'],['PRBG'],['RBP'],['RBW'],['PBWRGB'],['PBRGP'],['PBRGW'],['RPB'],['PBWRPG'],['RPW'],['PRWB'],['PRWG'],['PBRWP'],"['PRWBG', 'RPWBG']",['PRWBP'],['RPWBR'],"['PRWGB', 'RPWGB']",['P'],['R'],['PBRWPB'],['RBWPG'],['RBWPR'],['RBPWRB'],['PBWRG'],['PBWRP']
BWP,['RBGP'],['GRWBGR'],['RBGW'],['GRBPG'],['RGBPR'],"['GRBPW', 'RGBPW']",['RGWBRG'],['GBRP'],['GBRW'],['RBWG'],,['GBWR'],['RGBP'],['RGBP'],['RGB'],['GBR'],['GBR'],['G'],['GBW'],[''],['GB'],['RBWGPB'],['GBRW'],['GBWR'],['RBGPR'],['RB'],"['GRWB', 'RBGP']",['RBGPW'],"['RBGPW', 'RGWBR']",['RBG'],['GRB'],['GRB'],[''],['RBWGRP'],['RBWG'],"['GBRPW', 'GRWBG']",['GRW'],['GR'],['GRW'],['RGWB'],['RG'],"['GBRP', 'RGWB']",['RGWP'],['RGW'],['R'],['RBGWR'],['GRBP'],['RBGW'],"['GRWPBG', 'RGWPBG']","['GRWPBR', 'RGWPBR']","['GBWRPBW', 'RBWGPBW']",['GB'],['GR'],"['GBRPGW', 'GRBPGW']",['RB'],['RG'],"['RBGPRW', 'RGBPRW']","['GBRPWB', 'RBGPWB']","['GBRPWG', 'GRBPWG', 'RGBPWG']","['GRBPWR', 'RBGPWR', 'RGBPWR']",['RBG'],['GRBP'],['RBW'],['RGB'],['GBWRGP'],['RGW'],['GBWRPB'],['GBRPG'],['GBRPW'],['GRWB'],['GBRWG'],['GRWP'],['GRWBG'],"['GRWBP', 'RGWBP']",['RGWBR'],['GBRWGB'],['RBWGP'],['RBWGR'],"['GRWPB', 'RGWPB']",['G'],['R'],['RBGWRB'],['GBWRG'],['GBWRP']
BWR,['GPWBGP'],['PBGR'],['PBGW'],['PGWBPG'],['GBPR'],['GBPW'],['GPBRG'],['PGBRP'],"['GPBRW', 'PGBRW']",['PBWG'],['GBWP'],,['GBP'],['GBP'],['G'],['PGBR'],['PGBR'],['PGB'],['GBW'],['GB'],[''],['GPB'],['GPB'],[''],['PBWGPR'],['PBWG'],"['GBPRW', 'GPWBG']",['GPW'],['GP'],['GPW'],['PBWGRB'],['GBPW'],['GBWP'],['PBGRP'],['PB'],"['GPWB', 'PBGR']",['PBGRW'],"['PBGRW', 'PGWBP']",['PBG'],['PGWB'],"['GBPR', 'PGWB']",['PG'],['PBGWP'],['GPBR'],['PBGW'],['PGWR'],['PGW'],['P'],['PBG'],['GPBR'],['PBW'],['PGB'],['GBWPGR'],['PGW'],['GBWPRB'],['GBPRG'],['GBPRW'],['GPWB'],['GBPWG'],['GPWR'],"['GPWRBG', 'PGWRBG']","['GPWRBP', 'PGWRBP']","['GBWPRBW', 'PBWGRBW']",['GB'],['GP'],"['GBPRGW', 'GPBRGW']",['PB'],['PG'],"['PBGRPW', 'PGBRPW']","['GBPRWB', 'PBGRWB']","['GBPRWG', 'GPBRWG', 'PGBRWG']","['GPBRWP', 'PBGRWP', 'PGBRWP']",['GPWBG'],['PGWBP'],"['GPWBR', 'PGWBR']",['GBPWGB'],['PBWGP'],['PBWGR'],['PBGWPB'],['GBWPG'],['GBWPR'],"['GPWRB', 'PGWRB']",['G'],['P']
GBP,"['RWBGP', 'WRBGP']",['RWBGR'],['WRBGW'],"['RWBPG', 'WRBPG']",['R'],['W'],['RGWBRG'],['WGBRP'],['WGBRW'],['WGRBWG'],['RGBWP'],['RGBWR'],,[''],[''],['WGBR'],['WG'],['WGBR'],['RGBW'],['RG'],['RGBW'],"['RWGPB', 'WRGPB']",['RWG'],['WRG'],['RWGPR'],['RWGP'],['RW'],['WRGPW'],['WRGP'],['WR'],['WGRB'],['W'],['WGRB'],['WGRP'],['WGR'],"['RWBG', 'WGRP']",['RWBGRW'],['RWB'],"['RGWPB', 'RWBGR']",['RGWB'],['R'],['RGWB'],['RGWP'],['RGW'],"['RGWP', 'WRBG']",['WRBGWR'],['WRB'],"['WGRPB', 'WRBGW']","['RGWPBG', 'WGRPBG']","['RGWPBR', 'RWGPBR', 'WRGPBR']","['RWGPBW', 'WGRPBW', 'WRGPBW']","['RGBWPGB', 'WGBRPGB']","['RWBPGR', 'WRBPGR']","['RWBPGW', 'WRBPGW']","['RGWPRB', 'RWGPRB']",['RG'],['RW'],"['WGRPWB', 'WRGPWB']",['WG'],['WR'],['WRBG'],['WRBP'],['WGRBW'],['RGB'],['WRGP'],['RGW'],['WGRPB'],['WGBRPG'],['WGRPW'],['RWB'],['RWG'],['WGBRWP'],['RWBG'],['RWBP'],['RGWBR'],['WGB'],['RWGP'],['WGR'],['RGWPB'],['RGBWPG'],['RGWPR'],['WRB'],['WRG'],['RGBWRP']
GBR,['PWBGP'],"['PWBGR', 'WPBGR']",['WPBGW'],['PGWBPG'],['WGBPR'],['WGBPW'],"['PWBRG', 'WPBRG']",['P'],['W'],['WGPBWG'],['PGBWP'],['PGBWR'],['WGBP'],['WG'],['WGBP'],,[''],[''],['PGBW'],['PGBW'],['PG'],['WGPB'],['W'],['WGPB'],['WGPR'],['WGP'],"['PWBG', 'WGPR']",['PWBGPW'],['PWB'],"['PGWRB', 'PWBGP']","['PWGRB', 'WPGRB']",['PWG'],['WPG'],['PWGRP'],['PWGR'],['PW'],['WPGRW'],['WPGR'],['WP'],['PGWB'],['PGWB'],['P'],['WPBGWP'],['WPB'],"['WGPRB', 'WPBGW']",['PGWR'],['PGW'],"['PGWR', 'WPBG']",['WPBG'],['WPBR'],['WGPBW'],['PGB'],['WPGR'],['PGW'],['WGPRB'],['WGBPRG'],['WGPRW'],['PWB'],['PWG'],['WGBPWR'],"['PGWRBG', 'WGPRBG']","['PGWRBP', 'PWGRBP', 'WPGRBP']","['PWGRBW', 'WGPRBW', 'WPGRBW']","['PGBWRGB', 'WGBPRGB']","['PWBRGP', 'WPBRGP']","['PWBRGW', 'WPBRGW']","['PGWRPB', 'PWGRPB']",['PG'],['PW'],"['WGPRWB', 'WPGRWB']",['WG'],['WP'],['PWBG'],['PGWBP'],['PWBR'],['WGB'],['WGP'],['PWGR'],['WPB'],['WPG'],['PGBWPR'],['PGWRB'],['PGBWRG'],['PGWRP']
GBW,['PRBGP'],['RPBGR'],"['PRBGW', 'RPBGW']",['PGRBPG'],['RGBPR'],['RGBPW'],['RGPBRG'],['PGBRP'],['PGBRW'],"['PRBWG', 'RPBWG']",['P'],['R'],['RGBP'],['RGBP'],['RG'],['PGBR'],['PGBR'],['PG'],,[''],[''],['RGPB'],['RGPB'],['R'],['PRBGPR'],['PRB'],"['PGRWB', 'PRBGP']",['RGPW'],['RGP'],"['PRBG', 'RGPW']",['PGRB'],['PGRB'],['P'],['RPBGRP'],['RPB'],"['RGPWB', 'RPBGR']",['PGRW'],['PGR'],"['PGRW', 'RPBG']","['PRGWB', 'RPGWB']",['PRG'],['RPG'],['PRGWP'],['PRGW'],['PR'],['RPGWR'],['RPGW'],['RP'],['RPBG'],['RGPBR'],['RPBW'],['PGB'],['PGR'],['RPGW'],['PRB'],['PRG'],['RGBPRW'],['RGPWB'],['RGBPWG'],['RGPWR'],['PRBG'],['PGRBP'],['PRBW'],['RGB'],['RGP'],['PRGW'],['RPB'],['RPG'],['PGBRPW'],['PGRWB'],['PGBRWG'],['PGRWP'],"['PGRWBG', 'RGPWBG']","['PGRWBP', 'PRGWBP', 'RPGWBP']","['PRGWBR', 'RGPWBR', 'RPGWBR']","['PGBRWGB', 'RGBPWGB']","['PRBWGP', 'RPBWGP']","['PRBWGR', 'RPBWGR']","['PGRWPB', 'PRGWPB']",['PG'],['PR'],"['RGPWRB', 'RPGWRB']",['RG'],['RP']
GPB,"['RGPWBGP', 'WGPRBGP']","['RWPBGR', 'WRPBGR']","['RWPBGW', 'WRPBGW']","['RGWBPG', 'WGRBPG']","['RGWBPR', 'RWGBPR', 'WRGBPR']","['RWGBPW', 'WGRBPW', 'WRGBPW']",['RG'],"['RGWBRP', 'RWGBRP']",['RW'],['WG'],"['WGRBWP', 'WRGBWP']",['WR'],"['RWGBP', 'WRGBP']",['RWG'],['WRG'],['RWGBR'],['RWGB'],['RW'],['WRGBW'],['WRGB'],['WR'],,[''],[''],['WGPR'],['WG'],['WGPR'],['RGPW'],['RG'],['RGPW'],['WGRB'],['WGR'],"['RWPG', 'WGRB']",['WGRP'],['W'],['WGRP'],['RWPGRW'],"['RGWBP', 'RWPGR']",['RWP'],['RGWB'],['RGW'],"['RGWB', 'WRPG']",['RGWP'],['R'],['RGWP'],['WRPGWR'],"['WGRBP', 'WRPGW']",['WRP'],"['RWPBG', 'WRPBG']",['R'],['W'],"['RWPGB', 'WRPGB']",['RWPGR'],['WRPGW'],['WGPRB'],['RGWPRG'],['WGPRW'],['RGPWB'],['WGRPWG'],['RGPWR'],['WGPRBG'],['WGRBP'],['WGRBW'],['WRGB'],['RGP'],['RGW'],['WRPB'],['WRPG'],['WGRPW'],['WGPRWB'],['RWG'],['RWP'],['RGPWBG'],['RGWBP'],['RGWBR'],['RWGB'],['WGP'],['WGR'],['RWPB'],['RWPG'],['RGWPR'],['RGPWRB'],['WRG'],['WRP']
GPR,['BGP'],['WBGR'],['BGW'],['WBPG'],['WBPR'],['WGBPW'],['WGPBRG'],['WGBRP'],['WGBRW'],['BWG'],['BWP'],['WGPBWR'],['WGBP'],['W'],['WGBP'],['WGBR'],['WGB'],"['BWPG', 'WGBR']",['BWPGBW'],['BWP'],"['BGWRP', 'BWPGB']",['WGPB'],['WG'],['WGPB'],,[''],[''],['BGPW'],['BGPW'],['BG'],['BWGRB'],['BWGR'],['BW'],"['BWGRP', 'WBGRP']",['BWG'],['WBG'],['WBGRW'],['WB'],['WBGR'],['WBPGWB'],['WBP'],"['WBPGW', 'WGBRP']",['BGWP'],['BGWP'],['B'],['BGWR'],"['BGWR', 'WBPG']",['BGW'],['BGWPBG'],['WGPBR'],['WGPBW'],['BWPGB'],"['BWPGR', 'WBPGR']",['WBPGW'],['B'],"['BWPRG', 'WBPRG']",['W'],['BGPWB'],['WGBPWG'],['BGPWR'],['BG'],"['BGWRBP', 'BWGRBP']",['BW'],"['BWPRGB', 'WBPRGB']","['BGPWRGP', 'WGPBRGP']","['BWPRGW', 'WBPRGW']","['BGWRPB', 'BWGRPB', 'WBGRPB']","['BGWRPG', 'WGBRPG']","['BWGRPW', 'WBGRPW', 'WGBRPW']",['WB'],['WG'],"['WBGRWP', 'WGBRWP']",['WBG'],['WBP'],['BGPWBR'],['WGB'],['WGP'],['BWGR'],['BGWPB'],['BWPG'],['BWPR'],['BGWRB'],['BGPWRG'],['BGWRP']
GPW,['BGP'],['BGR'],['RBGW'],['RBPG'],['RGBPR'],['RBPW'],['BRG'],['BRP'],['RGPBRW'],['RGPBWG'],['RGBWP'],['RGBWR'],['RGBP'],['RGBP'],['R'],['BRPGBR'],['BRP'],"['BGRWP', 'BRPGB']",['RGBW'],['RGB'],"['BRPG', 'RGBW']",['RGPB'],['RGPB'],['RG'],['BGPR'],['BGPR'],['BG'],,[''],[''],['RBPGRB'],['RBP'],"['RBPGR', 'RGBWP']",['BGRP'],['BGRP'],['B'],['BGRW'],"['BGRW', 'RBPG']",['BGR'],['BRGWB'],['BRGW'],['BR'],"['BRGWP', 'RBGWP']",['BRG'],['RBG'],['RBGWR'],['RB'],['RBGW'],['BGRPBG'],['RGPBR'],['RGPBW'],['BRPGB'],['RBPGR'],"['BRPGW', 'RBPGW']",['BGPRB'],['RGBPRG'],['BGPRW'],['B'],"['BRPWG', 'RBPWG']",['R'],['RBG'],['RBP'],['BGPRBW'],['RGB'],['RGP'],['BRGW'],['BGRPB'],['BRPG'],['BRPW'],['BGRWB'],['BGPRWG'],['BGRWP'],['BG'],"['BGRWBP', 'BRGWBP']",['BR'],"['BRPWGB', 'RBPWGB']","['BGPRWGP', 'RGPBWGP']","['BRPWGR', 'RBPWGR']","['BGRWPB', 'BRGWPB', 'RBGWPB']","['BGRWPG', 'RGBWPG']","['BRGWPR', 'RBGWPR', 'RGBWPR']",['RB'],['RG'],"['RBGWRP', 'RGBWRP']"
GRB,"['PWRBGP', 'WPRBGP']","['PGRWBGR', 'WGRPBGR']","['PWRBGW', 'WPRBGW']",['PG'],"['PGWBPR', 'PWGBPR']",['PW'],"['PGWBRG', 'WGPBRG']","['PGWBRP', 'PWGBRP', 'WPGBRP']","['PWGBRW', 'WGPBRW', 'WPGBRW']",['WG'],['WP'],"['WGPBWR', 'WPGBWR']",['PWGBP'],['PWGB'],['PW'],"['PWGBR', 'WPGBR']",['PWG'],['WPG'],['WPGBW'],['WP'],['WPGB'],['WGPB'],['WGP'],"['PWRG', 'WGPB']",['WGPR'],['W'],['WGPR'],['PWRGPW'],"['PGWBR', 'PWRGP']",['PWR'],,[''],[''],['WGRP'],['WG'],['WGRP'],['PGRW'],['PG'],['PGRW'],['PGWB'],"['PGWB', 'WPRG']",['PGW'],['WPRGWP'],"['WGPBR', 'WPRGW']",['WPR'],['PGWR'],['P'],['PGWR'],['WGRPBG'],['WGPBR'],['WGPBW'],['WPGB'],['PGR'],['PGW'],['WPRB'],['WPRG'],['WGPRW'],['WGRPWB'],['PWG'],['PWR'],"['PWRBG', 'WPRBG']",['P'],['W'],"['PWRGB', 'WPRGB']",['PWRGP'],['WPRGW'],['WGRPB'],['PGWRPG'],['WGRPW'],['PGRWB'],['WGPRWG'],['PGRWP'],['PGRWBG'],['PGWBP'],['PGWBR'],['PWGB'],['WGP'],['WGR'],['PGRWPB'],['WPG'],['WPR'],['PWRB'],['PWRG'],['PGWRP']
GRP,['WBGP'],['BGR'],['BGW'],['WGRBPG'],['WGBPR'],['WGBPW'],['WBRG'],['WBRP'],['WGBRW'],['BWG'],['WGRBWP'],['BWR'],['WGBP'],['WGB'],"['BWRG', 'WGBP']",['WGBR'],['W'],['WGBR'],['BWRGBW'],"['BGWPR', 'BWRGB']",['BWR'],['BWGPB'],['BWGP'],['BW'],"['BWGPR', 'WBGPR']",['BWG'],['WBG'],['WBGPW'],['WB'],['WBGP'],['WGRB'],['WG'],['WGRB'],,[''],[''],['BGRW'],['BGRW'],['BG'],['WBRGWB'],"['WBRGW', 'WGBPR']",['WBR'],['BGWP'],"['BGWP', 'WBRG']",['BGW'],['BGWR'],['BGWR'],['B'],['BG'],"['BGWPBR', 'BWGPBR']",['BW'],"['BWRPGB', 'WBRPGB']","['BGRWPGR', 'WGRBPGR']","['BWRPGW', 'WBRPGW']","['BGWPRB', 'BWGPRB', 'WBGPRB']","['BGWPRG', 'WGBPRG']","['BWGPRW', 'WBGPRW', 'WGBPRW']",['WB'],['WG'],"['WBGPWR', 'WGBPWR']",['BGWRBG'],['WGRBP'],['WGRBW'],['BWRGB'],"['BWRGP', 'WBRGP']",['WBRGW'],['B'],"['BWRPG', 'WBRPG']",['W'],['BGRWB'],['WGBRWG'],['BGRWP'],['WBG'],['BGRWBP'],['WBR'],['WGB'],['BWGP'],['WGR'],['BGWPB'],['BGRWPG'],['BGWPR'],['BGWRB'],['BWRG'],['BWRP']
GRW,['BGP'],['BGR'],['PBGW'],['BPG'],['BPR'],['PGRBPW'],['PBRG'],['PGBRP'],['PBRW'],['PGRBWG'],['PGBWP'],['PGBWR'],['BPRGBP'],['BPR'],"['BGPWR', 'BPRGB']",['PGBR'],['PGBR'],['P'],['PGBW'],"['BPRG', 'PGBW']",['PGB'],['PBRGPB'],['PBR'],"['PBRGP', 'PGBWR']",['BGPR'],['BGPR'],['B'],['BGPW'],"['BGPW', 'PBRG']",['BGP'],['PGRB'],['PGRB'],['PG'],['BGRP'],['BGRP'],['BG'],,[''],[''],['BPGWB'],['BP'],['BPGW'],['PBGWP'],['PB'],['PBGW'],"['BPGWR', 'PBGWR']",['BPG'],['PBG'],['PBG'],['PBR'],['BGRPBW'],['PGB'],['PGR'],['BPGW'],['BGPRB'],['BPRG'],['BPRW'],['BGPWB'],['BGRPWG'],['BGPWR'],['BGPRBG'],['PGRBP'],['PGRBW'],['BPRGB'],['PBRGP'],"['BPRGW', 'PBRGW']",['BGRPB'],['PGBRPG'],['BGRPW'],['B'],"['BPRWG', 'PBRWG']",['P'],['BG'],['BP'],"['BGPWBR', 'BPGWBR']","['BPRWGB', 'PBRWGB']","['BPRWGP', 'PBRWGP']","['BGRPWGR', 'PGRBWGR']",['PB'],['PG'],"['PBGWPR', 'PGBWPR']","['BGPWRB', 'BPGWRB', 'PBGWRB']","['BGPWRG', 'PGBWRG']","['BPGWRP', 'PBGWRP', 'PGBWRP']"
GWB,"['PRWBGP', 'RPWBGP']","['PRWBGR', 'RPWBGR']","['PGWRBGW', 'RGWPBGW']",['PG'],['PR'],"['PGRBPW', 'PRGBPW']",['RG'],['RP'],"['RGPBRW', 'RPGBRW']","['PGRBWG', 'RGPBWG']","['PGRBWP', 'PRGBWP', 'RPGBWP']","['PRGBWR', 'RGPBWR', 'RPGBWR']",['PRGBP'],['PR'],['PRGB'],['RPGBR'],['RP'],['RPGB'],"['PRGBW', 'RPGBW']",['PRG'],['RPG'],['RGPB'],"['PRWG', 'RGPB']",['RGP'],['PRWGPR'],"['PGRBW', 'PRWGP']",['PRW'],['RGPW'],['R'],['RGPW'],['PGRB'],"['PGRB', 'RPWG']",['PGR'],['RPWGRP'],"['RGPBW', 'RPWGR']",['RPW'],['PGRW'],['P'],['PGRW'],,[''],[''],['RGWP'],['RG'],['RGWP'],['PGWR'],['PG'],['PGWR'],['RGWPBG'],['RGPBR'],['RGPBW'],['RPGB'],['PGR'],['PGW'],['RGWPRB'],['PRG'],['PRW'],['RPWB'],['RPWG'],['RGPWR'],['PGWRBG'],['PGRBP'],['PGRBW'],['PRGB'],['RGP'],['RGW'],['PGWRPB'],['RPG'],['RPW'],['PRWB'],['PRWG'],['PGRWP'],"['PRWBG', 'RPWBG']",['P'],['R'],"['PRWGB', 'RPWGB']",['PRWGP'],['RPWGR'],['RGWPB'],['PGRWPG'],['RGWPR'],['PGWRB'],['RGPWRG'],['PGWRP']
GWP,['RBGP'],['BGR'],['BGW'],['RGWBPG'],['RGBPR'],['RGBPW'],['BRG'],['RGWBRP'],['BRW'],['RBWG'],['RBWP'],['RGBWR'],['RGBP'],"['BRWG', 'RGBP']",['RGB'],['BRWGBR'],"['BGRPW', 'BRWGB']",['BRW'],['RGBW'],['R'],['RGBW'],['BRGPB'],['BR'],['BRGP'],['RBGPR'],['RB'],['RBGP'],"['BRGPW', 'RBGPW']",['BRG'],['RBG'],['RBWGRB'],"['RBWGR', 'RGBPW']",['RBW'],['BGRP'],"['BGRP', 'RBWG']",['BGR'],['BGRW'],['BGRW'],['B'],['RGWB'],['RG'],['RGWB'],,[''],[''],['BGWR'],['BGWR'],['BG'],['BG'],['BR'],"['BGRPBW', 'BRGPBW']","['BRWPGB', 'RBWPGB']","['BRWPGR', 'RBWPGR']","['BGWRPGW', 'RGWBPGW']",['RB'],['RG'],"['RBGPRW', 'RGBPRW']","['BGRPWB', 'BRGPWB', 'RBGPWB']","['BGRPWG', 'RGBPWG']","['BRGPWR', 'RBGPWR', 'RGBPWR']",['RBG'],['BGWRBP'],['RBW'],['RGB'],['BRGP'],['RGW'],['BGRPB'],['BGWRPG'],['BGRPW'],['BGRWB'],['BRWG'],['BRWP'],['BGRWBG'],['RGWBP'],['RGWBR'],['BRWGB'],"['BRWGP', 'RBWGP']",['RBWGR'],['B'],"['BRWPG', 'RBWPG']",['R'],['BGWRB'],['RGBWRG'],['BGWRP']
GWR,['BGP'],['PBGR'],['BGW'],['BPG'],['PGWBPR'],['BPW'],['PGWBRG'],['PGBRP'],['PGBRW'],['PBWG'],['PGBWP'],['PBWR'],['BPWGBP'],"['BGPRW', 'BPWGB']",['BPW'],['PGBR'],"['BPWG', 'PGBR']",['PGB'],['PGBW'],['PGBW'],['P'],['PBWGPB'],"['PBWGP', 'PGBRW']",['PBW'],['BGPR'],"['BGPR', 'PBWG']",['BGP'],['BGPW'],['BGPW'],['B'],['BPGRB'],['BP'],['BPGR'],['PBGRP'],['PB'],['PBGR'],"['BPGRW', 'PBGRW']",['BPG'],['PBG'],['PGWB'],['PGWB'],['PG'],['BGWP'],['BGWP'],['BG'],,[''],[''],['PBG'],['BGWPBR'],['PBW'],['PGB'],['BPGR'],['PGW'],['BGPRB'],['BGWPRG'],['BGPRW'],['BGPWB'],['BPWG'],['BPWR'],['BG'],['BP'],"['BGPRBW', 'BPGRBW']","['BPWRGB', 'PBWRGB']","['BPWRGP', 'PBWRGP']","['BGWPRGW', 'PGWBRGW']",['PB'],['PG'],"['PBGRPW', 'PGBRPW']","['BGPRWB', 'BPGRWB', 'PBGRWB']","['BGPRWG', 'PGBRWG']","['BPGRWP', 'PBGRWP', 'PGBRWP']",['BGPWBG'],['PGWBP'],['PGWBR'],['BPWGB'],['PBWGP'],"['BPWGR', 'PBWGR']",['BGWPB'],['PGBWPG'],['BGWPR'],['B'],"['BPWRG', 'PBWRG']",['P']
PBG,"['RWBGP', 'WRBGP']",['R'],['W'],"['RWBPG', 'WRBPG']",['RWBPR'],['WRBPW'],['WPBRG'],['RPWBRP'],['WPBRW'],['RPBWG'],['WPRBWP'],['RPBWR'],"['RPWGBP', 'WPRGBP']","['RPWGB', 'RWBPR']","['WPRGB', 'WRBPW']","['RPWGBR', 'RWPGBR', 'WRPGBR']",['RPW'],['RWP'],"['RWPGBW', 'WPRGBW', 'WRPGBW']",['WPR'],['WRP'],"['RPBWGPB', 'WPBRGPB']",['WPBR'],['RPBW'],"['RWBGPR', 'WRBGPR']",['WPRB'],['RWB'],"['RWBGPW', 'WRBGPW']",['RPWB'],['WRB'],"['RPWGRB', 'RWPGRB']","['RPWG', 'WRBP']",['RWPG'],['RP'],['RP'],['R'],['RW'],['RW'],[''],"['WPRGWB', 'WRPGWB']","['RWBP', 'WPRG']",['WRPG'],['WP'],['WP'],['W'],['WR'],['WR'],[''],,['WPBR'],['RPBW'],"['RWPGB', 'WRPGB']",['RWPGR'],['WRPGW'],['WPRB'],['WPRG'],['RWBPRW'],['RPWB'],['RPWG'],['WRBPWR'],['WRBG'],['WRBP'],['WPRBW'],['WPRGB'],['WPBRGP'],['WPRGW'],['RPB'],['WRPG'],['RPW'],['RWB'],['WPBRWG'],['RWP'],['RWBG'],['RWBP'],['RPWBR'],['RPWGB'],['RPBWGP'],['RPWGR'],['WPB'],['RWPG'],['WPR'],['WRB'],['RPBWRG'],['WRP']
PBR,['GPWBGP'],['WPBGR'],['WPBGW'],['GWBPG'],"['GWBPR', 'WGBPR']",['WGBPW'],['G'],"['GWBRP', 'WGBRP']",['W'],['GPBWG'],['WPGBWP'],['GPBWR'],['WGBP'],['WG'],"['GPWR', 'WGBP']",['WGBR'],['WGB'],['W'],['WPGBW'],['GWPR'],['WPGB'],['GPB'],[''],['GP'],['WGPR'],['WGP'],['WGPR'],['GPW'],['G'],['GPW'],['WPGRB'],"['WGBPW', 'WPGRB']",['WPG'],['WPBGRP'],['GPBW'],['GPWB'],['WPGRW'],"['GWBP', 'WPGR']",['WP'],['GWB'],['GW'],['GWB'],['GWP'],[''],['GWP'],['WPBGWR'],"['GPWRB', 'GWBPG']",['WPBG'],['WPBG'],,['GPBW'],['WPGB'],['WPGR'],['GWBPGW'],"['GWPRB', 'WGPRB']",['GWPRG'],['WGPRW'],['GPWB'],['WGBPWG'],['GPWR'],"['GPWRBG', 'GWPRBG', 'WGPRBG']","['GPWRBP', 'WPGRBP']","['GWPRBW', 'WGPRBW', 'WPGRBW']","['GPWRGB', 'GWPRGB']",['GP'],['GW'],"['GPBWRPB', 'WPBGRPB']","['GWBRPG', 'WGBRPG']","['GWBRPW', 'WGBRPW']","['WGPRWB', 'WPGRWB']",['WG'],['WP'],['GPWBG'],['GWBP'],['GWBR'],['WGB'],['WGP'],['GPBWGR'],['WPB'],['WPG'],['GWPR'],['GPWRB'],['GPWRG'],['GPBWRP']
PBW,['GPRBGP'],['RPBGR'],['RPBGW'],['GRBPG'],['RGBPR'],"['GRBPW', 'RGBPW']",['GPBRG'],['RPGBRP'],['GPBRW'],['G'],"['GRBWP', 'RGBWP']",['R'],['RGBP'],"['GPRW', 'RGBP']",['RG'],['RPGBR'],['GRPW'],['RPGB'],['RGBW'],['RGB'],['R'],['GPB'],['GP'],[''],['GPR'],['G'],['GPR'],['RGPW'],['RGP'],['RGPW'],['GRB'],['GR'],['GRB'],['GRP'],[''],['GRP'],['RPBGRW'],"['GPRWB', 'GRBPG']",['RPBG'],['RPGWB'],"['RGBPR', 'RPGWB']",['RPG'],['RPBGWP'],['GPBR'],['GPRB'],['RPGWR'],"['GRBP', 'RPGW']",['RP'],['RPBG'],['GPBR'],,['RPGB'],['GRBPGR'],['RPGW'],['GPRB'],['RGBPRG'],['GPRW'],"['GRPWB', 'RGPWB']",['GRPWG'],['RGPWR'],['GPRBG'],['GRBP'],['GRBW'],['RGB'],['RGP'],['GPBRGW'],['RPB'],['RPG'],['GRPW'],['GPRWB'],['GPRWG'],['GPBRWP'],"['GPRWBG', 'GRPWBG', 'RGPWBG']","['GPRWBP', 'RPGWBP']","['GRPWBR', 'RGPWBR', 'RPGWBR']","['GPRWGB', 'GRPWGB']",['GP'],['GR'],"['GPBRWPB', 'RPBGWPB']","['GRBWPG', 'RGBWPG']","['GRBWPR', 'RGBWPR']","['RGPWRB', 'RPGWRB']",['RG'],['RP']
PGB,"['RPWBGP', 'WPRBGP']","['RPWBGR', 'RWPBGR', 'WRPBGR']","['RWPBGW', 'WPRBGW', 'WRPBGW']","['RPGWBPG', 'WPGRBPG']","['RWGBPR', 'WRGBPR']","['RWGBPW', 'WRGBPW']","['RPWBRG', 'RWPBRG']",['RP'],['RW'],"['WPRBWG', 'WRPBWG']",['WP'],['WR'],"['RWGBP', 'WRGBP']",['RWG'],['WRG'],['R'],['R'],[''],['W'],['W'],[''],"['RWGPB', 'WRGPB']",['RW'],['WR'],['RWGPR'],"['RWGP', 'WPRB']","['RPWBG', 'RWGPR']",['WRGPW'],"['RPWB', 'WRGP']","['WPRBG', 'WRGPW']",['WPGRB'],['RPWG'],['WP'],['RPWGRP'],['WRPB'],['RPW'],['WPGRW'],['WPGR'],['RWP'],['RPGWB'],['WPRG'],['RP'],['WPRGWP'],['RWPB'],['WPR'],['RPGWR'],['RPGW'],['WRP'],"['RWPBG', 'WRPBG']",['RWPBR'],['WRPBW'],,['WPGR'],['RPGW'],['WPRB'],['WPRG'],['RWGPRW'],['RPWB'],['RPWG'],['WRGPWR'],['WPRBG'],['WPGRBP'],['WPRBW'],['WRGB'],['WRGP'],['WPRGW'],['WRPB'],['RPG'],['RPW'],['WPGRWB'],['RWG'],['RWP'],['RPWBG'],['RPGWBP'],['RPWBR'],['RWGB'],['RWGP'],['RPWGR'],['RWPB'],['WPG'],['WPR'],['RPGWRB'],['WRG'],['WRP']
PGR,['WBGP'],['WBGR'],['WPBGW'],['BPG'],['WBPR'],['BPW'],['WPBRG'],['WPGBRP'],['WPBRW'],['BWG'],['BWP'],['WPGBWR'],['BPWGBP'],['WBPR'],['BPW'],['WPGBR'],['BPWG'],['WP'],['WPGBW'],['BWP'],['WPGB'],['BWGPB'],"['BWGP', 'WPBR']","['BPWRG', 'BWGPB']","['BWGPR', 'WBGPR']",['BW'],['WB'],['WBGPW'],"['WBGPW', 'WPBRG']","['BPWR', 'WBGP']",['B'],['B'],[''],"['BWGRP', 'WBGRP']",['BWG'],['WBG'],['W'],[''],['W'],['BPGWB'],['WBP'],['BPGW'],['WPBGWP'],['WPB'],['BWPR'],['BPGWR'],['BP'],['WPBG'],['WPBG'],['WPBR'],['BWGPBW'],['WPGB'],,['BPGW'],['BWPRB'],"['BWPRG', 'WBPRG']",['WBPRW'],['WBGPWB'],['BPWG'],['BPWR'],"['BPWRBG', 'BWPRBG']",['BP'],['BW'],"['BPWRGB', 'BWPRGB', 'WBPRGB']","['BPWRGP', 'WPBRGP']","['BWPRGW', 'WBPRGW', 'WPBRGW']","['BWGRPB', 'WBGRPB']","['BPGWRPG', 'WPGBRPG']","['BWGRPW', 'WBGRPW']",['WB'],"['WBPRWG', 'WPBRWG']",['WP'],['WBG'],['WBP'],['BPGWBR'],['BPWGB'],['BWGP'],['BWGR'],['WPB'],['WPG'],['BWPR'],['BPWRB'],['BPWRG'],['BPGWRP']
PGW,['RBGP'],['RPBGR'],['RBGW'],['BPG'],['BPR'],['RBPW'],['BRG'],['BRP'],['RPGBRW'],['RPBWG'],['RPGBWP'],['RPBWR'],['BPRGBP'],['BPR'],['RBPW'],['RPGBR'],['BRP'],['RPGB'],['RPGBW'],['BPRG'],['RP'],['BRGPB'],"['BPRWG', 'BRGPB']","['BRGP', 'RPBW']",['RBGPR'],"['RBGPR', 'RPBWG']","['BPRW', 'RBGP']","['BRGPW', 'RBGPW']",['BR'],['RB'],['BPGRB'],['RBP'],['BPGR'],['RPBGRP'],['RPB'],['BRPW'],['BPGRW'],['BP'],['RPBG'],['B'],['B'],[''],"['BRGWP', 'RBGWP']",['BRG'],['RBG'],['R'],[''],['R'],['RPBG'],['BRGPBR'],['RPBW'],['RPGB'],['BPGR'],,['RBGPRB'],['BPRG'],['BPRW'],['BRPWB'],"['BRPWG', 'RBPWG']",['RBPWR'],['RBG'],['RBP'],['BPGRBW'],['BPRGB'],['BRGP'],['BRGW'],['RPB'],['RPG'],['BRPW'],['BPRWB'],['BPRWG'],['BPGRWP'],"['BPRWBG', 'BRPWBG']",['BP'],['BR'],"['BPRWGB', 'BRPWGB', 'RBPWGB']","['BPRWGP', 'RPBWGP']","['BRPWGR', 'RBPWGR', 'RPBWGR']","['BRGWPB', 'RBGWPB']","['BPGRWPG', 'RPGBWPG']","['BRGWPR', 'RBGWPR']",['RB'],"['RBPWRG', 'RPBWRG']",['RP']
PRB,['GP'],"['GPWBGR', 'GWPBGR']",['GW'],"['GWRBPG', 'WGRBPG']","['GPRWBPR', 'WPRGBPR']","['GWRBPW', 'WGRBPW']","['GPWBRG', 'GWPBRG', 'WGPBRG']","['GPWBRP', 'WPGBRP']","['GWPBRW', 'WGPBRW', 'WPGBRW']",['WG'],['WP'],"['WGPBWR', 'WPGBWR']",['WPRGBP'],['GPRW'],['GPWR'],['WPGBR'],"['WGRPW', 'WPGBR']",['WPG'],['WPGBW'],['WP'],"['GWRP', 'WPGB']",['WGPB'],['WGP'],['WGPB'],['GPR'],[''],['GP'],['GPW'],['GPW'],['G'],['WGRB'],['WGR'],['W'],['WGRP'],['WG'],"['GPWB', 'WGRP']",['WPGRW'],['WPGR'],['GWPB'],['WPRGWB'],['WPRG'],"['GPWBR', 'GWRPG']",['GWP'],['GWP'],[''],['GWR'],['GWR'],['GW'],['GWPBG'],"['GWPBR', 'WGPBR']",['WGPBW'],['WPGB'],['WPGR'],['GWRPGW'],,['WPRG'],['GPRW'],['GPWB'],['WGRPWG'],['GPWR'],['G'],"['GWRBP', 'WGRBP']",['W'],['WPRGB'],['GPWRGP'],['WPRGW'],"['GWRPB', 'WGRPB']",['GWRPG'],['WGRPW'],['GPRWB'],['GPRWG'],['WPGRWP'],['GPWBG'],['GPRWBP'],['GPWBR'],['GPRWGB'],['WGP'],['WGR'],['GWPB'],['WPG'],['WPR'],['GWRB'],['GPWRG'],['GWRP']
PRG,['WPRBGP'],['WPBGR'],['WPBGW'],['WBPG'],['BPR'],['BPW'],['WBRG'],['WBRP'],['WPBRW'],['WPRBWG'],['BWP'],['BWR'],['BP'],['BP'],['B'],"['BPWGBR', 'BWPGBR']","['BPWG', 'WBRP']",['BWPG'],['BW'],[''],['BW'],"['BWRGPB', 'WBRGPB']",['WPBR'],['BWR'],"['BPRWGPR', 'WPRBGPR']",['WPRB'],['BPRW'],"['BWRGPW', 'WBRGPW']",['WBR'],['BPWR'],"['BPWGRB', 'BWPGRB', 'WBPGRB']",['BPW'],['BWP'],"['BPWGRP', 'WPBGRP']","['BPWGR', 'BWRPB']","['WBRPW', 'WPBGR']","['BWPGRW', 'WBPGRW', 'WPBGRW']",['WBP'],['WPB'],['WB'],[''],['WB'],['WP'],['W'],['WP'],"['WBPGWR', 'WPBGWR']",['WBPG'],"['BWRP', 'WPBG']",['WPBG'],['WPBR'],['BWRPBW'],['BWPGB'],"['BWPGR', 'WBPGR']",['WBPGW'],['WPRB'],,['BPRW'],['WBRPWB'],['BPWG'],['BPWR'],['WPRBG'],['BPWRBP'],['WPRBW'],['B'],"['BWRGP', 'WBRGP']",['W'],['BWRPB'],"['BWRPG', 'WBRPG']",['WBRPW'],['BPRWB'],['BPRWG'],['WPBRWP'],['BPRWBG'],['WBP'],['WBR'],['BPWGB'],['BPRWGP'],['BPWGR'],['WPB'],['BWPG'],['WPR'],['BPWRB'],['BWRG'],['BWRP']
PRW,['BGP'],['BGR'],['GPRBGW'],['BPG'],['BPR'],['GBPW'],['GPBRG'],['GBRP'],['GBRW'],['GPBWG'],['GPRBWP'],['GPBWR'],['GBP'],[''],['GBP'],['GBR'],['GB'],['GBR'],['BPRGBW'],['BPRG'],"['GBRPG', 'GPBWR']",['GPB'],['G'],['GPB'],['GPR'],['GP'],[''],['BGPW'],['BGPW'],['BGP'],['BPGRB'],['GBPW'],['BPGR'],['BGRP'],"['BGRP', 'GPBW']",['BG'],['BGRW'],['B'],['BGR'],['BPGWB'],['BP'],"['BPGW', 'GBRP']",['BPRGWP'],['GPBR'],['GPRB'],['BPGWR'],['BPG'],"['BGRPB', 'BPGWR']",['BGRPBG'],['GPBR'],['GPBW'],['GBRPGB'],['BPGR'],['BPGW'],['GPRB'],['BPRG'],,['BGPWB'],['GBPWG'],"['BGPWR', 'GBPWR']",['GPRBG'],['BPGRBP'],['GPRBW'],['BPRGB'],['GPBRGP'],['BPRGW'],['BGRPB'],['GBRPG'],"['BGRPW', 'GBRPW']",['B'],['G'],"['BGRWP', 'GBRWP']",['BG'],['BP'],"['BGPWBR', 'BPGWBR']",['GB'],['GP'],"['GBPWGR', 'GPBWGR']","['BGRWPB', 'GBRWPB']","['BGRWPG', 'GBRWPG']","['BPRGWPR', 'GPRBWPR']","['BGPWRB', 'BPGWRB', 'GBPWRB']","['BGPWRG', 'GBPWRG', 'GPBWRG']","['BPGWRP', 'GPBWRP']"
PWB,['GP'],['GR'],"['GPRBGW', 'GRPBGW']","['GRWBPG', 'RGWBPG']","['GRWBPR', 'RGWBPR']","['GPWRBPW', 'RPWGBPW']",['RG'],['RP'],"['RGPBRW', 'RPGBRW']","['GPRBWG', 'GRPBWG', 'RGPBWG']","['GPRBWP', 'RPGBWP']","['GRPBWR', 'RGPBWR', 'RPGBWR']",['RPWGBP'],['GPRW'],['GPWR'],['RPGBR'],['RP'],"['GRWP', 'RPGB']",['RPGBW'],"['RGWPR', 'RPGBW']",['RPG'],['RGPB'],['RGPB'],['RGP'],['GPR'],['GPR'],['G'],['GPW'],[''],['GP'],['RPWGRB'],['RPWG'],"['GPRBW', 'GRWPG']",['GRP'],['GRP'],[''],['GRW'],['GRW'],['GR'],['RGWB'],['RGW'],['R'],['RGWP'],['RG'],"['GPRB', 'RGWP']",['RPGWR'],['RPGW'],['GRPB'],['GRPBG'],['RGPBR'],"['GRPBW', 'RGPBW']",['RPGB'],['GRWPGR'],['RPGW'],['GPRB'],['RGWPRG'],['GPRW'],,['RPWG'],['GPWR'],['GPRBG'],['GPWRBP'],['GPRBW'],['GPWRGB'],['RGP'],['RGW'],['GRPB'],['RPG'],['RPW'],['GRWB'],['GPRWG'],['GRWP'],['G'],"['GRWBP', 'RGWBP']",['R'],['RPWGB'],['GPRWGP'],['RPWGR'],"['GRWPB', 'RGWPB']",['GRWPG'],['RGWPR'],['GPWRB'],['GPWRG'],['RPGWRP']
PWG,['RPWBGP'],['RPBGR'],['RPBGW'],['RBPG'],['BPR'],['BPW'],['RPWBRG'],['BRP'],['BRW'],['RBWG'],['RBWP'],['RPBWR'],['BP'],['B'],['BP'],['BR'],[''],['BR'],"['BPRGBW', 'BRPGBW']","['BPRG', 'RBWP']",['BRPG'],"['BRWGPB', 'RBWGPB']",['BRW'],['RPBW'],"['BRWGPR', 'RBWGPR']",['RBW'],['BPRW'],"['BPWRGPW', 'RPWBGPW']",['RPWB'],['BPWR'],['RB'],[''],['RB'],['RP'],['R'],['RP'],"['RBPGRW', 'RPBGRW']",['RBPG'],"['BRWP', 'RPBG']","['BPRGWB', 'BRPGWB', 'RBPGWB']",['BPR'],['BRP'],"['BPRGWP', 'RPBGWP']","['BPRGW', 'BRWPB']","['RBWPR', 'RPBGW']","['BRPGWR', 'RBPGWR', 'RPBGWR']",['RBP'],['RPB'],['RPBG'],['BRWPBR'],['RPBW'],['BRPGB'],['RBPGR'],"['BRPGW', 'RBPGW']",['RBWPRB'],['BPRG'],['BPRW'],['RPWB'],,['BPWR'],['BPWRBG'],['RBP'],['RBW'],['BPRGB'],['BPWRGP'],['BPRGW'],['RPB'],['BRPG'],['RPW'],['BPRWB'],['BRWG'],['BRWP'],['RPWBG'],['BPRWBP'],['RPWBR'],['B'],"['BRWGP', 'RBWGP']",['R'],['BRWPB'],"['BRWPG', 'RBWPG']",['RBWPR'],['BPWRB'],['BPWRG'],['RPBWRP']
PWR,['BGP'],['GPWBGR'],['BGW'],['BPG'],['GBPR'],['BPW'],['GPBRG'],['GPWBRP'],['GPBRW'],['GPBWG'],['GBWP'],['GBWR'],['GBP'],['GBP'],[''],['BPWGBR'],['BPWG'],"['GBWPG', 'GPBRW']",['GBW'],['GB'],['GBW'],['GPB'],['GPB'],['G'],['BGPR'],['BGPR'],['BGP'],['GPW'],['GP'],[''],['BPGRB'],['BP'],"['BPGR', 'GBWP']",['BPWGRP'],['GPBW'],['GPWB'],['BPGRW'],['BPG'],"['BGWPB', 'BPGRW']",['BPGWB'],['GBPR'],['BPGW'],['BGWP'],"['BGWP', 'GPBR']",['BG'],['BGWR'],['B'],['BGW'],['BGWPBG'],['GPBR'],['GPBW'],['GBWPGB'],['BPGR'],['BPGW'],['BGPRB'],['GBPRG'],"['BGPRW', 'GBPRW']",['GPWB'],['BPWG'],,['BG'],['BP'],"['BGPRBW', 'BPGRBW']",['GB'],['GP'],"['GBPRGW', 'GPBRGW']","['BGWRPB', 'GBWRPB']","['BGWRPG', 'GBWRPG']","['BPWGRPW', 'GPWBRPW']","['BGPRWB', 'BPGRWB', 'GBPRWB']","['BGPRWG', 'GBPRWG', 'GPBRWG']","['BPGRWP', 'GPBRWP']",['GPWBG'],['BPGWBP'],['GPWBR'],['BPWGB'],['GPBWGP'],['BPWGR'],['BGWPB'],['GBWPG'],"['BGWPR', 'GBWPR']",['B'],['G'],"['BGWRP', 'GBWRP']"
RBG,['P'],"['PWBGR', 'WPBGR']",['W'],['WRBPG'],['PRWBPR'],['WRBPW'],"['PWBRG', 'WPBRG']",['PWBRP'],['WPBRW'],['PRBWG'],['PRBWP'],['WRPBWR'],"['PRWGBP', 'PWRGBP', 'WPRGBP']",['PRW'],['PWR'],"['PRWGBR', 'WRPGBR']","['PRWGB', 'PWBRP']","['WPBRW', 'WRPGB']","['PWRGBW', 'WPRGBW', 'WRPGBW']",['WPR'],['WRP'],"['PRWGPB', 'PWRGPB']","['PRWG', 'WPBR']",['PWRG'],['PR'],['PR'],['P'],['PW'],['PW'],[''],"['PRBWGRB', 'WRBPGRB']",['WRBP'],['PRBW'],"['PWBGRP', 'WPBGRP']",['WRPB'],['PWB'],"['PWBGRW', 'WPBGRW']",['PRWB'],['WPB'],"['WPRGWB', 'WRPGWB']",['WPRG'],"['PWBR', 'WRPG']",['WP'],['WP'],[''],['WR'],['WR'],['W'],['WPBG'],['WPBR'],['WRPBW'],['WRPGB'],['WRBPGR'],['WRPGW'],['PRB'],['WPRG'],['PRW'],['PWB'],['WRBPWG'],['PWR'],,['WRBP'],['PRBW'],"['PWRGB', 'WPRGB']",['PWRGP'],['WPRGW'],['WRPB'],['WRPG'],['PWBRPW'],['PRWB'],['PRWG'],['WPBRWP'],['PWBG'],['PRWBP'],['PWBR'],['PRWGB'],['PRWGP'],['PRBWGR'],['WPB'],['PRBWPG'],['WPR'],['WRB'],['PWRG'],['WRP']
RBP,['WRBGP'],['GRWBGR'],['WRBGW'],['G'],"['GWBPR', 'WGBPR']",['W'],['GWBRG'],"['GWBRP', 'WGBRP']",['WGBRW'],['GRBWG'],['GRBWP'],['WRGBWR'],['WGBP'],['WGB'],['W'],['WGBR'],['WG'],"['GRWP', 'WGBR']",['WRGBW'],['WRGB'],['GWRP'],['WRGPB'],"['WGBRW', 'WRGPB']",['WRG'],['WRBGPR'],['GRBW'],['GRWB'],['WRGPW'],"['GWBR', 'WRGP']",['WR'],['GRB'],[''],['GR'],['WGRP'],['WGR'],['WGRP'],['GRW'],['G'],['GRW'],['GWB'],['GWB'],['GW'],['WRBGWP'],"['GRWPB', 'GWBRG']",['WRBG'],['GWR'],[''],['GWR'],"['GRWPBG', 'GWRPBG', 'WGRPBG']","['GRWPBR', 'WRGPBR']","['GWRPBW', 'WGRPBW', 'WRGPBW']","['GRWPGB', 'GWRPGB']",['GR'],['GW'],"['GRBWPRB', 'WRBGPRB']","['GWBPRG', 'WGBPRG']","['GWBPRW', 'WGBPRW']","['WGRPWB', 'WRGPWB']",['WG'],['WR'],['WRBG'],,['GRBW'],['WRGB'],['WRGP'],['GWBRGW'],"['GWRPB', 'WGRPB']",['GWRPG'],['WGRPW'],['GRWB'],['WGBRWG'],['GRWP'],['GRWBG'],['GWBP'],['GWBR'],['WGB'],['GRBWGP'],['WGR'],['GRWPB'],['GRWPG'],['GRBWPR'],['WRB'],['WRG'],['GWRP']
RBW,['PRBGP'],['GRPBGR'],['PRBGW'],['GRBPG'],['PRGBPR'],['GRBPW'],['GPBRG'],['PGBRP'],"['GPBRW', 'PGBRW']",['G'],['P'],"['GPBWR', 'PGBWR']",['PRGBP'],['GPRW'],['PRGB'],['PGBR'],"['GRPW', 'PGBR']",['PG'],['PGBW'],['P'],['PGB'],['GPB'],['GP'],['GPB'],['GPR'],[''],['GPR'],['PRBGPW'],"['GPBRG', 'GRPWB']",['PRBG'],['GRB'],['GR'],[''],['GRP'],['G'],['GRP'],['PGRW'],['PGR'],['PGRW'],['PRGWB'],['PRG'],"['PGBRP', 'PRGWB']",['PRGWP'],"['GPBR', 'PRGW']",['PR'],['PRBGWR'],['GRBP'],['GRPB'],['GRPBG'],['GPBR'],['GPBW'],['PGB'],['PGR'],['GRBPGW'],['PRB'],['PRG'],['GPRW'],['GRPWB'],['GRPWG'],['GRBPWR'],['PRBG'],['GRBP'],,['PRGB'],['GPBRGP'],['PRGW'],['GRPB'],['PGBRPG'],['GRPW'],"['GPRWB', 'PGRWB']",['GPRWG'],['PGRWP'],"['GPRWBG', 'GRPWBG', 'PGRWBG']","['GPRWBP', 'PGRWBP', 'PRGWBP']","['GRPWBR', 'PRGWBR']","['GPRWGB', 'GRPWGB']",['GP'],['GR'],"['PGRWPB', 'PRGWPB']",['PG'],['PR'],"['GRBPWRB', 'PRBGWRB']","['GPBWRG', 'PGBWRG']","['GPBWRP', 'PGBWRP']"
RGB,"['PRWBGP', 'PWRBGP', 'WPRBGP']","['PRWBGR', 'WRPBGR']","['PWRBGW', 'WPRBGW', 'WRPBGW']","['PRWBPG', 'PWRBPG']",['PR'],['PW'],"['PRGWBRG', 'WRGPBRG']","['PWGBRP', 'WPGBRP']","['PWGBRW', 'WPGBRW']","['WPRBWG', 'WRPBWG']",['WP'],['WR'],['P'],['P'],[''],"['PWGBR', 'WPGBR']",['PWG'],['WPG'],['W'],[''],['W'],['WRGPB'],['PRWG'],['WR'],['PRWGPR'],['WPRB'],['PRW'],['WRGPW'],['WRGP'],['PWR'],"['PWGRB', 'WPGRB']",['PW'],['WP'],['PWGRP'],"['PWGR', 'WRPB']","['PRWBG', 'PWGRP']",['WPGRW'],"['PRWB', 'WPGR']","['WPGRW', 'WRPBG']",['PRGWB'],['PR'],['WRPG'],['PRGWP'],['PRGW'],['WPR'],['WRPGWR'],['PWRB'],['WRP'],['WRPBG'],['WRGPBR'],['WRPBW'],['WPGB'],['WPGR'],['WRPGW'],['WPRB'],['PRG'],['PRW'],['WRGPWB'],['PWG'],['PWR'],"['PWRBG', 'WPRBG']",['PWRBP'],['WPRBW'],,['WRGP'],['PRGW'],['WRPB'],['WRPG'],['PWGRPW'],['PRWB'],['PRWG'],['WPGRWP'],['PRWBG'],['PRWBP'],['PRGWBR'],['PWGB'],['PRWGP'],['PWGR'],['PRGWPB'],['WPG'],['WPR'],['PWRB'],['WRG'],['WRP']
RGP,['WBGP'],['WBGR'],['WRBGW'],['WRBPG'],['WRGBPR'],['WRBPW'],['BRG'],['WBRP'],['BRW'],['BWG'],['WRGBWP'],['BWR'],['WRGBP'],['BRWG'],['WR'],['BRWGBR'],['WBRP'],['BRW'],['WRGBW'],['WRGB'],['BWR'],['B'],['B'],[''],"['BWGPR', 'WBGPR']",['BWG'],['WBG'],['W'],[''],['W'],['BWGRB'],"['BWGR', 'WRBP']","['BRWPG', 'BWGRB']","['BWGRP', 'WBGRP']",['BW'],['WB'],['WBGRW'],"['WBGRW', 'WRBPG']","['BRWP', 'WBGR']",['BRGWB'],['BRGW'],['WBR'],['BRGWP'],['BR'],['WRBG'],['WRBGWR'],['WRB'],['BWRP'],"['BRWPBG', 'BWRPBG']",['BR'],['BW'],"['BRWPGB', 'BWRPGB', 'WBRPGB']","['BRWPGR', 'WRBPGR']","['BWRPGW', 'WBRPGW', 'WRBPGW']","['BWGPRB', 'WBGPRB']","['BRGWPRG', 'WRGBPRG']","['BWGPRW', 'WBGPRW']",['WB'],"['WBRPWG', 'WRBPWG']",['WR'],['WRBG'],['WRBP'],['BWGRBW'],['WRGB'],,['BRGW'],['BWRPB'],"['BWRPG', 'WBRPG']",['WBRPW'],['WBGRWB'],['BRWG'],['BRWP'],['WBG'],['BRGWBP'],['WBR'],['BRWGB'],['BWGP'],['BWGR'],['BRWPB'],['BRWPG'],['BRGWPR'],['WRB'],['WRG'],['BWRP']
RGW,['PRBGP'],['PBGR'],['PBGW'],['BPG'],['BPR'],['PRGBPW'],['BRG'],['BRP'],['PBRW'],['PRBWG'],['PRBWP'],['PRGBWR'],['PRGBP'],['BPR'],['PRGB'],['BRPGBR'],['BRP'],['PBRW'],['PRGBW'],['PR'],['BRPG'],['BRGPB'],['PBR'],['BRGP'],['PRBGPR'],['PRB'],['BPRW'],['BRGPW'],['BR'],['PRBG'],['BPGRB'],"['BPGRB', 'BRPWG']","['BPGR', 'PRBW']",['PBGRP'],"['PBGRP', 'PRBWG']","['BRPW', 'PBGR']","['BPGRW', 'PBGRW']",['BP'],['PB'],['B'],[''],['B'],['P'],[''],['P'],"['BPGWR', 'PBGWR']",['BPG'],['PBG'],['PBG'],['PBR'],['BRGPBW'],['BRPGB'],['BPGR'],['BPGW'],['PRB'],['PRG'],['BPRW'],['BRPWB'],['BRPWG'],['BRGPWR'],['PRBG'],['BPGRBP'],['PRBW'],['PRGB'],['BRGP'],,['PBGRPB'],['BRPG'],['BRPW'],['BPRWB'],"['BPRWG', 'PBRWG']",['PBRWP'],"['BPRWBG', 'BRPWBG']",['BP'],['BR'],"['BPRWGB', 'BRPWGB', 'PBRWGB']","['BPRWGP', 'PBRWGP', 'PRBWGP']","['BRPWGR', 'PRBWGR']",['PB'],"['PBRWPG', 'PRBWPG']",['PR'],"['BPGWRB', 'PBGWRB']","['BRGPWRG', 'PRGBWRG']","['BPGWRP', 'PBGWRP']"
RPB,"['GRWBGP', 'GWRBGP']",['GR'],['GW'],"['GRWBPG', 'GWRBPG', 'WGRBPG']","['GRWBPR', 'WRGBPR']","['GWRBPW', 'WGRBPW', 'WRGBPW']","['GWPBRG', 'WGPBRG']","['GRPWBRP', 'WRPGBRP']","['GWPBRW', 'WGPBRW']",['WG'],"['WGRBWP', 'WRGBWP']",['WR'],['WRGBP'],"['WGPRW', 'WRGBP']",['WRG'],['WRPGBR'],['GRPW'],['GRWP'],['WRGBW'],"['GWPR', 'WRGB']",['WR'],['WGPB'],['WGP'],['W'],['WGPR'],['WG'],"['GRWB', 'WGPR']",['WRGPW'],['WRGP'],['GWRB'],['WGRB'],['WGR'],['WGRB'],['GRP'],[''],['GR'],['GRW'],['GRW'],['G'],['WRPGWB'],"['GRWBP', 'GWPRG']",['WRPG'],['GWP'],['GWP'],['GW'],['GWR'],['GWR'],[''],['G'],"['GWPBR', 'WGPBR']",['W'],['WRPGB'],['GRWPGR'],['WRPGW'],"['GWPRB', 'WGPRB']",['GWPRG'],['WGPRW'],['GRPWB'],['GRPWG'],['WRGPWR'],['GWRBG'],"['GWRBP', 'WGRBP']",['WGRBW'],['WRGB'],['WRGP'],['GWPRGW'],,['WRPG'],['GRPW'],['GRWB'],['WGPRWG'],['GRWP'],['GRWBG'],['GRWBP'],['GRPWBR'],['GRPWGB'],['WGP'],['WGR'],['GWPB'],['GRWPG'],['GWPR'],['GWRB'],['WRG'],['WRP']
RPG,['WRBGP'],['WRPBGR'],['WRBGW'],['WBPG'],['WBPR'],['WRBPW'],['WBRG'],['BRP'],['BRW'],['WRPBWG'],['BWP'],['BWR'],"['BRWGBP', 'BWRGBP']","['BRWG', 'WBPR']",['BWRG'],['BR'],['BR'],['B'],['BW'],['BW'],[''],"['BRWGPB', 'BWRGPB', 'WBRGPB']",['BRW'],['BWR'],"['BRWGPR', 'WRBGPR']","['BRWGP', 'BWPRB']","['WBPRW', 'WRBGP']","['BWRGPW', 'WBRGPW', 'WRBGPW']",['WBR'],['WRB'],"['BWPGRB', 'WBPGRB']",['WRBP'],['BWP'],"['BRPWGRP', 'WRPBGRP']",['WRPB'],['BRPW'],"['BWPGRW', 'WBPGRW']",['WBP'],['BRWP'],['WB'],['WB'],[''],"['WBRGWP', 'WRBGWP']",['WBRG'],"['BWPR', 'WRBG']",['WR'],['W'],['WR'],['WRPBG'],['BRWPBR'],['WRPBW'],['B'],"['BWPGR', 'WBPGR']",['W'],['BWPRB'],"['BWPRG', 'WBPRG']",['WBPRW'],['BRPWB'],['BRPWG'],['WRBPWR'],['WRBG'],['WRBP'],['BWPRBW'],['BWRGB'],"['BWRGP', 'WBRGP']",['WBRGW'],['WRPB'],,['BRPW'],['WBPRWB'],['BRWG'],['BRWP'],['BRPWBG'],['WBP'],['WBR'],['BRWGB'],['BRWGP'],['BRPWGR'],['BRWPB'],['BWPG'],['BWPR'],['WRB'],['BWRG'],['WRP']
RPW,['BGP'],['BGR'],['GRPBGW'],['GRBPG'],['GBPR'],['GBPW'],['BRG'],['BRP'],['GBRW'],['GRBWG'],['GRBWP'],['GRPBWR'],['GBP'],['GB'],['GBP'],['GBR'],[''],['GBR'],['BRPGBW'],"['GBPRG', 'GRBWP']",['BRPG'],['BRGPB'],['GBRW'],['BRGP'],['BGPR'],"['BGPR', 'GRBW']",['BG'],['BGPW'],['B'],['BGP'],['GRB'],['G'],['GRB'],['GRP'],['GR'],[''],['BGRW'],['BGRW'],['BGR'],['BRGWB'],"['BRGW', 'GBPR']",['BR'],['BRGWP'],['BRG'],"['BGPRB', 'BRGWP']",['BRPGWR'],['GRBP'],['GRPB'],['GRPBG'],['BRGPBR'],['GRPBW'],['BRPGB'],['GRBPGR'],['BRPGW'],['BGPRB'],['GBPRG'],"['BGPRW', 'GBPRW']",['B'],['G'],"['BGPWR', 'GBPWR']",['BGPRBG'],['GRBP'],['GRBW'],['GBPRGB'],['BRGP'],['BRGW'],['GRPB'],['BRPG'],,['BGRWB'],['GBRWG'],"['BGRWP', 'GBRWP']",['BG'],"['BGRWBP', 'BRGWBP']",['BR'],['GB'],"['GBRWGP', 'GRBWGP']",['GR'],"['BGRWPB', 'BRGWPB', 'GBRWPB']","['BGRWPG', 'GBRWPG', 'GRBWPG']","['BRGWPR', 'GRBWPR']","['BGPWRB', 'GBPWRB']","['BGPWRG', 'GBPWRG']","['BRPGWRP', 'GRPBWRP']"
RWB,['GP'],['GR'],"['GPRBGW', 'GRPBGW']",['PG'],['PR'],"['PGRBPW', 'PRGBPW']","['GPWBRG', 'PGWBRG']","['GPWBRP', 'PGWBRP']","['GRWPBRW', 'PRWGBRW']","['GPRBWG', 'GRPBWG', 'PGRBWG']","['GPRBWP', 'PGRBWP', 'PRGBWP']","['GRPBWR', 'PRGBWR']",['PRGBP'],['PR'],"['GPWR', 'PRGB']",['PRWGBR'],['GRPW'],['GRWP'],['PRGBW'],['PRG'],"['PGWRP', 'PRGBW']",['PRWGPB'],['PRWG'],"['GPWRG', 'GRPBW']",['GPR'],['GPR'],[''],['GPW'],['GPW'],['GP'],['PGRB'],['PGRB'],['PGR'],['GRP'],['GRP'],['G'],['GRW'],[''],['GR'],['PGWB'],['P'],['PGW'],['PRGWP'],['PRGW'],['GPRB'],['PGWR'],['PG'],"['GRPB', 'PGWR']",['GRPBG'],['GRWPBR'],['GRPBW'],['GRWPGB'],['PGR'],['PGW'],['GPRB'],['PRG'],['PRW'],['GPWB'],['GRPWG'],['GPWR'],['GPRBG'],['PGRBP'],"['GPRBW', 'PGRBW']",['PRGB'],['GPWRGP'],['PRGW'],['GRPB'],['PGWRPG'],['GRPW'],,['PRWG'],['GRWP'],['G'],['P'],"['GPWBR', 'PGWBR']",['PRWGB'],['PRWGP'],['GRPWGR'],['GRWPB'],['GRWPG'],['PRGWPR'],"['GPWRB', 'PGWRB']",['GPWRG'],['PGWRP']
RWG,['PRBGP'],['PRWBGR'],['PRBGW'],['PRWBPG'],['BPR'],['BPW'],['PBRG'],['BRP'],['BRW'],['PBWG'],['PRBWP'],['PBWR'],['BP'],[''],['BP'],['BR'],['B'],['BR'],"['BPRGBW', 'BRPGBW']",['BPRG'],"['BRPG', 'PBWR']",['PB'],[''],['PB'],['PR'],['P'],['PR'],"['PBRGPW', 'PRBGPW']",['PBRG'],"['BPWR', 'PRBG']","['BPWGRB', 'PBWGRB']",['BPW'],['PRBW'],"['BPWGRP', 'PBWGRP']",['PBW'],['BRPW'],"['BRWPGRW', 'PRWBGRW']",['PRWB'],['BRWP'],"['BPRGWB', 'BRPGWB', 'PBRGWB']",['BPR'],['BRP'],"['BPRGWP', 'PBRGWP', 'PRBGWP']",['PBR'],['PRB'],"['BRPGWR', 'PRBGWR']","['BPWRB', 'BRPGW']","['PBWRP', 'PRBGW']",['BRWPBG'],['PBR'],['PBW'],['BRPGB'],['BRWPGR'],['BRPGW'],['PRB'],['BPRG'],['PRW'],['BRPWB'],['BPWG'],['BPWR'],['PRBG'],['BPWRBP'],['PRBW'],['BPRGB'],['PBRGP'],"['BPRGW', 'PBRGW']",['PBWRPB'],['BRPG'],['BRPW'],['PRWB'],,['BRWP'],['PRWBG'],['PRWBP'],['BRPWBR'],['B'],['P'],"['BPWGR', 'PBWGR']",['BRWPB'],['BRWPG'],['PRBWPR'],['BPWRB'],"['BPWRG', 'PBWRG']",['PBWRP']
RWP,['GRWBGP'],['BGR'],['BGW'],['GRBPG'],['GRWBPR'],['GRBPW'],['BRG'],['GBRP'],['BRW'],['GRBWG'],['GBWP'],['GBWR'],['BRWGBP'],['BRWG'],"['GBWRG', 'GRBPW']",['GBR'],['GBR'],[''],['GBW'],['GBW'],['GB'],['BRGPB'],['BR'],"['BRGP', 'GBWR']",['BRWGPR'],['GRBW'],['GRWB'],['BRGPW'],['BRG'],"['BGWRB', 'BRGPW']",['GRB'],['GRB'],['G'],['BGRP'],['BGRP'],['BGR'],['GRW'],['GR'],[''],['BRGWB'],['BRGW'],['GBRP'],['BGWP'],['B'],['BGW'],['BGWR'],"['BGWR', 'GRBP']",['BG'],['BG'],['BR'],"['BGRPBW', 'BRGPBW']",['GB'],['GR'],"['GBRPGW', 'GRBPGW']","['BGWPRB', 'GBWPRB']","['BGWPRG', 'GBWPRG']","['BRWGPRW', 'GRWBPRW']","['BGRPWB', 'BRGPWB', 'GBRPWB']","['BGRPWG', 'GBRPWG', 'GRBPWG']","['BRGPWR', 'GRBPWR']",['BGWRBG'],['GRBP'],['GRBW'],['GBWRGB'],['BRGP'],['BRGW'],['BGRPB'],['GBRPG'],"['BGRPW', 'GBRPW']",['GRWB'],['BRWG'],,['GRWBG'],['GRWBP'],['BRGWBR'],['BRWGB'],['BRWGP'],['GRBWGR'],['B'],['G'],"['BGWPR', 'GBWPR']",['BGWRB'],['GBWRG'],"['BGWRP', 'GBWRP']"
WBG,['P'],['R'],"['PRBGW', 'RPBGW']",['RWBPG'],['RWBPR'],['PWRBPW'],['PWBRG'],['PWBRP'],['RWPBRW'],"['PRBWG', 'RPBWG']",['PRBWP'],['RPBWR'],"['PRWGBP', 'PWRGBP', 'RPWGBP']",['PRW'],['PWR'],"['PRWGBR', 'RPWGBR', 'RWPGBR']",['RPW'],['RWP'],"['PWRGBW', 'RWPGBW']","['PRBWP', 'PWRGB']","['RPBWR', 'RWPGB']","['PRWGPB', 'PWRGPB']",['PRWG'],"['PWRG', 'RPBW']",['PR'],['PR'],[''],['PW'],['PW'],['P'],"['RPWGRB', 'RWPGRB']",['RPWG'],"['PRBW', 'RWPG']",['RP'],['RP'],[''],['RW'],['RW'],['R'],"['PWBRGWB', 'RWBPGWB']",['RWBP'],['PWBR'],"['PRBGWP', 'RPBGWP']",['RWPB'],['PRB'],"['PRBGWR', 'RPBGWR']",['PWRB'],['RPB'],['RPBG'],['RWPBR'],['RPBW'],['RWPGB'],['RWPGR'],['RWBPGW'],['PRB'],['RWBPRG'],['PRW'],['PWB'],['RPWG'],['PWR'],['PRBG'],['PWRBP'],['PRBW'],['PWRGB'],['PWRGP'],['PWBRGW'],['RPB'],['PWBRPG'],['RPW'],['RWB'],['PRWG'],['RWP'],,['RWBP'],['PWBR'],"['PRWGB', 'RPWGB']",['PRWGP'],['RPWGR'],['RWPB'],['RWPG'],['PRBWPR'],['PWRB'],['PWRG'],['RPBWRP']
WBP,['RWBGP'],['RWBGR'],['GWRBGW'],['G'],['R'],"['GRBPW', 'RGBPW']",['GWBRG'],['GWBRP'],['RWGBRW'],['GRBWG'],"['GRBWP', 'RGBWP']",['RGBWR'],['RGBP'],['R'],['RGB'],['RWGBR'],['RWGB'],['GRWP'],['RGBW'],['RG'],"['GWRP', 'RGBW']",['RWGPB'],['RWG'],"['RGBWR', 'RWGPB']",['RWGPR'],"['GRBW', 'RWGP']",['RW'],['RWBGPW'],['GWBR'],['GWRB'],['GRB'],['GRB'],['GR'],['RWBGRP'],"['GRBWG', 'GWRPB']",['RWBG'],['GRW'],[''],['GRW'],['GWB'],[''],['GW'],['RGWP'],['RGW'],['RGWP'],['GWR'],['G'],['GWR'],"['GRWPBG', 'GWRPBG', 'RGWPBG']","['GRWPBR', 'RGWPBR', 'RWGPBR']","['GWRPBW', 'RWGPBW']","['GRWPGB', 'GWRPGB']",['GR'],['GW'],"['RGWPRB', 'RWGPRB']",['RG'],['RW'],"['GWBRPWB', 'RWBGPWB']","['GRBPWG', 'RGBPWG']","['GRBPWR', 'RGBPWR']",['GWRBG'],['GRBP'],['GRBW'],['RGB'],['GWBRGP'],['RGW'],['GWRPB'],['GWRPG'],['GWBRPW'],['RWB'],['RWG'],['GRWP'],['RWBG'],,['GWBR'],['RWGB'],['RWGP'],['GRBWGR'],"['GRWPB', 'RGWPB']",['GRWPG'],['RGWPR'],['GWRB'],['RGBWRG'],['GWRP']
WBR,['PWBGP'],['PWBGR'],['GWPBGW'],['GWBPG'],['GWBPR'],['PWGBPW'],['G'],['P'],"['GPBRW', 'PGBRW']",['GPBWG'],['PGBWP'],"['GPBWR', 'PGBWR']",['PWGBP'],['PWGB'],['GPWR'],['PGBR'],['P'],['PGB'],['PGBW'],"['GWPR', 'PGBW']",['PG'],['GPB'],['GPB'],['GP'],['PWBGPR'],"['GPBWG', 'GWPRB']",['PWBG'],['GPW'],[''],['GPW'],['PWGRB'],['PWG'],"['PGBWP', 'PWGRB']",['PWGRP'],"['GPBW', 'PWGR']",['PW'],['PWBGRW'],['GWBP'],['GWPB'],['GWB'],['GW'],[''],['GWP'],['G'],['GWP'],['PGWR'],['PGW'],['PGWR'],['GWPBG'],['GPBR'],['GPBW'],['PGB'],['GWBPGR'],['PGW'],['GWPRB'],['GWPRG'],['GWBPRW'],['PWB'],['PWG'],['GPWR'],"['GPWRBG', 'GWPRBG', 'PGWRBG']","['GPWRBP', 'PGWRBP', 'PWGRBP']","['GWPRBW', 'PWGRBW']","['GPWRGB', 'GWPRGB']",['GP'],['GW'],"['PGWRPB', 'PWGRPB']",['PG'],['PW'],"['GWBPRWB', 'PWBGRWB']","['GPBRWG', 'PGBRWG']","['GPBRWP', 'PGBRWP']",['PWBG'],['GWBP'],,['PWGB'],['GPBWGP'],['PWGR'],['GWPB'],['PGBWPG'],['GWPR'],"['GPWRB', 'PGWRB']",['GPWRG'],['PGWRP']
WGB,"['PRWBGP', 'PWRBGP', 'RPWBGP']","['PRWBGR', 'RPWBGR', 'RWPBGR']","['PWRBGW', 'RWPBGW']","['PRWBPG', 'PWRBPG']",['PR'],['PW'],"['RPWBRG', 'RWPBRG']",['RP'],['RW'],"['PWGRBWG', 'RWGPBWG']","['PRGBWP', 'RPGBWP']","['PRGBWR', 'RPGBWR']",['P'],[''],['P'],['R'],[''],['R'],"['PRGBW', 'RPGBW']",['PRG'],['RPG'],['RWGPB'],['RW'],['PWRG'],['RWGPR'],['RWGP'],['PRW'],['PWRGPW'],['RPWB'],['PWR'],['PWGRB'],['PW'],['RWPG'],['PWGRP'],['PWGR'],['RPW'],['RWPGRW'],['PRWB'],['RWP'],"['PRGWB', 'RPGWB']",['PR'],['RP'],['PRGWP'],"['PRGW', 'RWPB']","['PRGWP', 'PWRBG']",['RPGWR'],"['PWRB', 'RPGW']","['RPGWR', 'RWPBG']",['RWPBG'],['RWPBR'],['RWGPBW'],['RPGB'],['RWPGR'],['RPGW'],['RWGPRB'],['PRG'],['PRW'],['RPWB'],['PWG'],['PWR'],['PWRBG'],['PWRBP'],['PWGRBW'],['PRGB'],['PWRGP'],['PRGW'],['PWGRPB'],['RPG'],['RPW'],['PRWB'],['RWG'],['RWP'],"['PRWBG', 'RPWBG']",['PRWBP'],['RPWBR'],,['RWGP'],['PWGR'],['RWPB'],['RWPG'],['PRGWPR'],['PWRB'],['PWRG'],['RPGWRP']
WGP,['RBGP'],['RWBGR'],['RBGW'],['RWBPG'],['RWBPR'],['RWGBPW'],['BRG'],['RWGBRP'],['BRW'],['BWG'],['RBWP'],['BWR'],['RWGBP'],['RW'],['BWRG'],['RWGBR'],['RWGB'],['BRW'],['BWRGBW'],['RBWP'],['BWR'],['B'],[''],['B'],['R'],[''],['R'],"['BRGPW', 'RBGPW']",['BRG'],['RBG'],['BWGRB'],['BWGR'],['RBW'],['BWGRP'],['BW'],['RWBG'],['RWBGRW'],['RWB'],['BRWP'],['BRGWB'],"['BRGW', 'RWBP']","['BRGWB', 'BWRPG']","['BRGWP', 'RBGWP']",['BR'],['RB'],['RBGWR'],"['RBGWR', 'RWBPG']","['BWRP', 'RBGW']","['BRWPBG', 'BWRPBG']",['BR'],['BW'],"['BRWPGB', 'BWRPGB', 'RBWPGB']","['BRWPGR', 'RBWPGR', 'RWBPGR']","['BWRPGW', 'RWBPGW']",['RB'],"['RBWPRG', 'RWBPRG']",['RW'],"['BRGPWB', 'RBGPWB']","['BWGRPWG', 'RWGBPWG']","['BRGPWR', 'RBGPWR']",['RBG'],['BWGRBP'],['RBW'],['BWRGB'],['BRGP'],['BRGW'],['BWRPB'],['BWRPG'],['BWGRPW'],['RWB'],['RWG'],['BRWP'],['RWBG'],['RWBP'],['BRGWBR'],['RWGB'],,['BWGR'],['BRWPB'],"['BRWPG', 'RBWPG']",['RBWPR'],['RBGWRB'],['BWRG'],['BWRP']
WGR,['PWBGP'],['PBGR'],['PBGW'],['BPG'],['PWGBPR'],['BPW'],['PWBRG'],['PWBRP'],['PWGBRW'],['BWG'],['BWP'],['PBWR'],['PWGBP'],['PWGB'],['BPW'],['PWGBR'],['PW'],['BWPG'],['BWPGBW'],['BWP'],['PBWR'],['BWGPB'],['BWGP'],['PBW'],['BWGPR'],['BW'],['PWBG'],['PWBGPW'],['PWB'],['BPWR'],['B'],[''],['B'],['P'],[''],['P'],"['BPGRW', 'PBGRW']",['BPG'],['PBG'],['BPGWB'],"['BPGWB', 'BWPRG']","['BPGW', 'PWBR']",['PBGWP'],"['PBGWP', 'PWBRG']","['BWPR', 'PBGW']","['BPGWR', 'PBGWR']",['BP'],['PB'],['PBG'],['BWGPBR'],['PBW'],['BWPGB'],['BPGR'],['BPGW'],['BWPRB'],['BWPRG'],['BWGPRW'],['PWB'],['PWG'],['BPWR'],"['BPWRBG', 'BWPRBG']",['BP'],['BW'],"['BPWRGB', 'BWPRGB', 'PBWRGB']","['BPWRGP', 'PBWRGP', 'PWBRGP']","['BWPRGW', 'PWBRGW']",['PB'],"['PBWRPG', 'PWBRPG']",['PW'],"['BPGRWB', 'PBGRWB']","['BWGPRWG', 'PWGBRWG']","['BPGRWP', 'PBGRWP']",['PWBG'],['BPGWBP'],['PWBR'],['PWGB'],['BWGP'],,['PBGWPB'],['BWPG'],['BWPR'],['BPWRB'],"['BPWRG', 'PBWRG']",['PBWRP']
WPB,"['GRWBGP', 'GWRBGP']",['GR'],['GW'],"['GRWBPG', 'GWRBPG', 'RGWBPG']","['GRWBPR', 'RGWBPR', 'RWGBPR']","['GWRBPW', 'RWGBPW']",['RG'],"['RGWBRP', 'RWGBRP']",['RW'],"['GRPBWG', 'RGPBWG']","['GWPRBWP', 'RWPGBWP']","['GRPBWR', 'RGPBWR']",['RWGBP'],['RWG'],"['RGPWR', 'RWGBP']",['RWGBR'],"['GRPW', 'RWGB']",['RW'],['RWPGBW'],['GWPR'],['GWRP'],['RGPB'],['R'],['RGP'],['RWGPR'],['RWGP'],['GRWB'],['RGPW'],['RG'],"['GWRB', 'RGPW']",['RWPGRB'],"['GRPWG', 'GWRBP']",['RWPG'],['GRP'],['GRP'],['GR'],['GRW'],['GRW'],[''],['RGWB'],['RGW'],['RGWB'],['GWP'],[''],['GW'],['GWR'],['GWR'],['G'],['G'],['R'],"['GRPBW', 'RGPBW']",['RWPGB'],['RWPGR'],['GWRPGW'],['GWPRB'],['GWPRG'],['RWGPRW'],"['GRPWB', 'RGPWB']",['GRPWG'],['RGPWR'],['GWRBG'],['GWRBP'],['GWPRBW'],['GWPRGB'],['RGP'],['RGW'],['GRPB'],['GWRPG'],['GRPW'],['GRWB'],['RWG'],['RWP'],['GRWBG'],"['GRWBP', 'RGWBP']",['RGWBR'],['RWGB'],['RWGP'],['GRPWGR'],,['RWPG'],['GWPR'],['GWRB'],['RGPWRG'],['GWRP']
WPG,['RWBGP'],['RWBGR'],['RWPBGW'],['RBPG'],['RWBPR'],['RBPW'],['RWPBRG'],['BRP'],['BRW'],['RBWG'],['BWP'],['BWR'],"['BRWGBP', 'BWRGBP']",['BRWG'],"['BWRG', 'RBPW']",['BR'],['BR'],[''],['BW'],['BW'],['B'],"['BRWGPB', 'BWRGPB', 'RBWGPB']",['BRW'],['BWR'],"['BRWGPR', 'RBWGPR', 'RWBGPR']",['RBW'],['RWB'],"['BWRGPW', 'RWBGPW']","['BRPWB', 'BWRGP']","['RBPWR', 'RWBGP']",['RB'],['RB'],[''],"['RBWGRP', 'RWBGRP']",['RBWG'],"['BRPW', 'RWBG']",['RW'],['R'],['RW'],"['BRPGWB', 'RBPGWB']",['RWBP'],['BRP'],"['BWPRGWP', 'RWPBGWP']",['RWPB'],['BWPR'],"['BRPGWR', 'RBPGWR']",['RBP'],['BWRP'],['RWPBG'],['RWPBR'],['BWRPBW'],['B'],['R'],"['BRPGW', 'RBPGW']",['BWPRB'],['BWPRG'],['RWBPRW'],['BRPWB'],"['BRPWG', 'RBPWG']",['RBPWR'],['BWPRBG'],['RBP'],['RBW'],['BWRGB'],['BWRGP'],['BWPRGW'],['BWRPB'],['BRPG'],['BRPW'],['RWB'],['BRWG'],['RWP'],['RWBG'],['RWBP'],['BRPWBR'],['BRWGB'],"['BRWGP', 'RBWGP']",['RBWGR'],['RWPB'],,['BWPR'],['RBPWRB'],['BWRG'],['BWRP']
WPR,['BGP'],['GWPBGR'],['BGW'],['GWBPG'],['GBPR'],['GBPW'],['GWBRG'],['GWBRP'],['GWPBRW'],['BWG'],['BWP'],['GBWR'],['GBP'],['GBP'],['GB'],['BWPGBR'],"['GBPWG', 'GWBRP']",['BWPG'],['GBW'],[''],['GBW'],['BWGPB'],['BWGP'],['GBWR'],['BGPR'],['B'],['BGP'],['BGPW'],"['BGPW', 'GWBR']",['BG'],['BWGRB'],"['BWGR', 'GBPW']",['BW'],['BWGRP'],['BWG'],"['BGPWB', 'BWGRP']",['BWPGRW'],['GWBP'],['GWPB'],['GWB'],['G'],['GWB'],['GWP'],['GW'],[''],['BGWR'],['BGWR'],['BGW'],['GWPBG'],['GWPBR'],['BWGPBW'],['BWPGB'],['BWPGR'],['GWBPGW'],['B'],['G'],"['BGPRW', 'GBPRW']",['BGPWB'],['GBPWG'],"['BGPWR', 'GBPWR']",['BG'],"['BGWRBP', 'BWGRBP']",['BW'],['GB'],"['GBWRGP', 'GWBRGP']",['GW'],"['BGWRPB', 'BWGRPB', 'GBWRPB']","['BGWRPG', 'GBWRPG', 'GWBRPG']","['BWGRPW', 'GWBRPW']","['BGPRWB', 'GBPRWB']","['BGPRWG', 'GBPRWG']","['BWPGRWP', 'GWPBRWP']",['BGPWBG'],['GWBP'],['GWBR'],['GBPWGB'],['BWGP'],['BWGR'],['GWPB'],['BWPG'],,['BGWRB'],['GBWRG'],"['BGWRP', 'GBWRP']"
WRB,['GP'],"['GPWBGR', 'GWPBGR']",['GW'],['PG'],"['PGWBPR', 'PWGBPR']",['PW'],"['GPWBRG', 'GWPBRG', 'PGWBRG']","['GPWBRP', 'PGWBRP', 'PWGBRP']","['GWPBRW', 'PWGBRW']","['GPRBWG', 'PGRBWG']","['GPRBWP', 'PGRBWP']","['GWRPBWR', 'PWRGBWR']",['PWGBP'],"['GPRW', 'PWGB']",['PW'],['PWGBR'],['PWG'],"['PGRWP', 'PWGBR']",['PWRGBW'],['GWPR'],['GWRP'],['PWRGPB'],"['GPRWG', 'GWPBR']",['PWRG'],['GPR'],['GPR'],['GP'],['GPW'],['GPW'],[''],['PGRB'],['P'],['PGR'],['PWGRP'],['PWGR'],['GPWB'],['PGRW'],['PG'],"['GWPB', 'PGRW']",['PGWB'],['PGWB'],['PGW'],['GWP'],['GWP'],['G'],['GWR'],[''],['GW'],['GWPBG'],['GWPBR'],['GWRPBW'],['GWRPGB'],['PGR'],['PGW'],['GPRB'],['GWPRG'],['GPRW'],['GPWB'],['PWG'],['PWR'],['G'],['P'],"['GPRBW', 'PGRBW']",['PWRGB'],['PWRGP'],['GWPRGW'],['GWRPB'],['GWRPG'],['PWGRPW'],"['GPRWB', 'PGRWB']",['GPRWG'],['PGRWP'],['GPWBG'],['PGWBP'],"['GPWBR', 'PGWBR']",['PWGB'],['GPRWGP'],['PWGR'],['GWPB'],['PGRWPG'],['GWPR'],,['PWRG'],['GWRP']
WRG,['PWBGP'],['PWBGR'],['PWRBGW'],['PWRBPG'],['BPR'],['BPW'],['PBRG'],['PWBRP'],['PBRW'],['PBWG'],['BWP'],['BWR'],['BP'],['BP'],[''],"['BPWGBR', 'BWPGBR']",['BPWG'],"['BWPG', 'PBRW']",['BW'],['B'],['BW'],['PB'],['PB'],[''],"['PBWGPR', 'PWBGPR']",['PBWG'],"['BPRW', 'PWBG']",['PW'],['P'],['PW'],"['BPWGRB', 'BWPGRB', 'PBWGRB']",['BPW'],['BWP'],"['BPWGRP', 'PBWGRP', 'PWBGRP']",['PBW'],['PWB'],"['BWPGRW', 'PWBGRW']","['BPRWB', 'BWPGR']","['PBRWP', 'PWBGR']","['BPRGWB', 'PBRGWB']",['BPR'],['PWBR'],"['BPRGWP', 'PBRGWP']",['PBR'],['BWPR'],"['BWRPGWR', 'PWRBGWR']",['PWRB'],['BWRP'],['BWRPBG'],['PBR'],['PBW'],['BWPGB'],['BWPGR'],['BWRPGW'],['BWPRB'],['BPRG'],['BPRW'],['PWB'],['BPWG'],['PWR'],['PWRBG'],['PWRBP'],['BWPRBW'],['B'],['P'],"['BPRGW', 'PBRGW']",['BWRPB'],['BWRPG'],['PWBRPW'],['BPRWB'],"['BPRWG', 'PBRWG']",['PBRWP'],['PWBG'],['BPRWBP'],['PWBR'],['BPWGB'],['PBWGP'],"['BPWGR', 'PBWGR']",['PBRWPB'],['BWPG'],['BWPR'],['PWRB'],,['BWRP']
WRP,['GWRBGP'],['BGR'],['BGW'],['GWBPG'],['GWBPR'],['GWRBPW'],['GWBRG'],['GBRP'],['GBRW'],['BWG'],['GBWP'],['BWR'],['BWRGBP'],"['GBRWG', 'GWBPR']",['BWRG'],['GBR'],['GBR'],['GB'],['GBW'],['GBW'],[''],['BWGPB'],"['BWGP', 'GBRW']",['BW'],['BWGPR'],['BWG'],"['BGRWB', 'BWGPR']",['BWRGPW'],['GWBR'],['GWRB'],['BWGRB'],['BWGR'],['GBWP'],['BGRP'],['B'],['BGR'],['BGRW'],"['BGRW', 'GWBP']",['BG'],['GWB'],['GWB'],['G'],['BGWP'],['BGWP'],['BGW'],['GWR'],['GW'],[''],['BG'],"['BGWPBR', 'BWGPBR']",['BW'],['GB'],"['GBWPGR', 'GWBPGR']",['GW'],"['BGWPRB', 'BWGPRB', 'GBWPRB']","['BGWPRG', 'GBWPRG', 'GWBPRG']","['BWGPRW', 'GWBPRW']","['BGRPWB', 'GBRPWB']","['BGRPWG', 'GBRPWG']","['BWRGPWR', 'GWRBPWR']",['GWRBG'],['GWRBP'],['BWGRBW'],['BWRGB'],['BWRGP'],['GWBRGW'],['B'],['G'],"['BGRPW', 'GBRPW']",['BGRWB'],['GBRWG'],"['BGRWP', 'GBRWP']",['BGRWBG'],['GWBP'],['GWBR'],['GBRWGB'],['BWGP'],['BWGR'],['BGWPB'],['GBWPG'],"['BGWPR', 'GBWPR']",['GWRB'],['BWRG'],
